timestamp,pnl_total,nb
2026-01-01 00:00:00+00:00,0.0,0
2026-01-01 01:00:00+00:00,0.0,0
2026-01-01 02:00:00+00:00,0.0,0
2026-01-01 03:00:00+00:00,0.0,0
2026-01-01 04:00:00+00:00,0.0,0
2026-01-01 05:00:00+00:00,0.0,0
2026-01-01 06:00:00+00:00,0.0,0
2026-01-01 07:00:00+00:00,0.0,0
2026-01-01 08:00:00+00:00,0.0,0
2026-01-01 09:00:00+00:00,0.0,0
2026-01-01 10:00:00+00:00,0.0,0
2026-01-01 11:00:00+00:00,0.0,0
2026-01-01 12:00:00+00:00,0.0,0
2026-01-01 13:00:00+00:00,0.0,0
2026-01-01 14:00:00+00:00,0.0,0
2026-01-01 15:00:00+00:00,0.0,0
2026-01-01 16:00:00+00:00,0.0,0
2026-01-01 17:00:00+00:00,0.0,0
2026-01-01 18:00:00+00:00,0.0,0
2026-01-01 19:00:00+00:00,0.0,0
2026-01-01 20:00:00+00:00,0.0,0
2026-01-01 21:00:00+00:00,0.0,0
2026-01-01 22:00:00+00:00,0.0,0
2026-01-01 23:00:00+00:00,143.01189204545554,2
2026-01-02 00:00:00+00:00,80.97131250000015,1
2026-01-02 01:00:00+00:00,0.0,0
2026-01-02 02:00:00+00:00,0.0,0
2026-01-02 03:00:00+00:00,0.0,0
2026-01-02 04:00:00+00:00,0.0,0
2026-01-02 05:00:00+00:00,0.0,0
2026-01-02 06:00:00+00:00,0.0,0
2026-01-02 07:00:00+00:00,0.0,0
2026-01-02 08:00:00+00:00,-89.8535624999998,1
2026-01-02 09:00:00+00:00,0.0,0
2026-01-02 10:00:00+00:00,0.0,0
2026-01-02 11:00:00+00:00,0.0,0
2026-01-02 12:00:00+00:00,0.0,0
2026-01-02 13:00:00+00:00,0.0,0
2026-01-02 14:00:00+00:00,0.0,0
2026-01-02 15:00:00+00:00,0.0,0
2026-01-02 16:00:00+00:00,0.0,0
2026-01-02 17:00:00+00:00,0.0,0
2026-01-02 18:00:00+00:00,0.0,0
2026-01-02 19:00:00+00:00,0.0,0
2026-01-02 20:00:00+00:00,0.0,0
2026-01-02 21:00:00+00:00,0.0,0
2026-01-02 22:00:00+00:00,0.0,0
2026-01-02 23:00:00+00:00,0.0,0
2026-01-03 00:00:00+00:00,-53.86823295454498,2
2026-01-03 01:00:00+00:00,-120.48643750000026,1
2026-01-03 02:00:00+00:00,104.4278181818179,1
2026-01-03 03:00:00+00:00,0.0,0
2026-01-03 04:00:00+00:00,0.0,0
2026-01-03 05:00:00+00:00,0.0,0
2026-01-03 06:00:00+00:00,0.0,0
2026-01-03 07:00:00+00:00,0.0,0
2026-01-03 08:00:00+00:00,0.0,0
2026-01-03 09:00:00+00:00,0.0,0
2026-01-03 10:00:00+00:00,0.0,0
2026-01-03 11:00:00+00:00,0.0,0
2026-01-03 12:00:00+00:00,0.0,0
2026-01-03 13:00:00+00:00,0.0,0
2026-01-03 14:00:00+00:00,0.0,0
2026-01-03 15:00:00+00:00,0.0,0
2026-01-03 16:00:00+00:00,0.0,0
2026-01-03 17:00:00+00:00,0.0,0
2026-01-03 18:00:00+00:00,0.0,0
2026-01-03 19:00:00+00:00,0.0,0
2026-01-03 20:00:00+00:00,-87.57636875000003,1
2026-01-03 21:00:00+00:00,0.0,0
2026-01-03 22:00:00+00:00,0.0,0
2026-01-03 23:00:00+00:00,-233.95815625000017,2
2026-01-04 00:00:00+00:00,0.0,0
2026-01-04 01:00:00+00:00,0.0,0
2026-01-04 02:00:00+00:00,0.0,0
2026-01-04 03:00:00+00:00,0.0,0
2026-01-04 04:00:00+00:00,-88.39674999999986,1
2026-01-04 05:00:00+00:00,0.0,0
2026-01-04 06:00:00+00:00,0.0,0
2026-01-04 07:00:00+00:00,60.826704545454426,1
2026-01-04 08:00:00+00:00,0.0,0
2026-01-04 09:00:00+00:00,0.0,0
2026-01-04 10:00:00+00:00,64.55209090909091,1
2026-01-04 11:00:00+00:00,0.0,0
2026-01-04 12:00:00+00:00,0.0,0
2026-01-04 13:00:00+00:00,0.0,0
2026-01-04 14:00:00+00:00,0.0,0
2026-01-04 15:00:00+00:00,0.0,0
2026-01-04 16:00:00+00:00,0.0,0
2026-01-04 17:00:00+00:00,0.0,0
2026-01-04 18:00:00+00:00,0.0,0
2026-01-04 19:00:00+00:00,0.0,0
2026-01-04 20:00:00+00:00,0.0,0
2026-01-04 21:00:00+00:00,0.0,0
2026-01-04 22:00:00+00:00,0.0,0
2026-01-04 23:00:00+00:00,0.0,0
2026-01-05 00:00:00+00:00,0.0,0
2026-01-05 01:00:00+00:00,0.0,0
2026-01-05 02:00:00+00:00,0.0,0
2026-01-05 03:00:00+00:00,0.0,0
2026-01-05 04:00:00+00:00,0.0,0
2026-01-05 05:00:00+00:00,0.0,0
2026-01-05 06:00:00+00:00,0.0,0
2026-01-05 07:00:00+00:00,0.0,0
2026-01-05 08:00:00+00:00,0.0,0
2026-01-05 09:00:00+00:00,0.0,0
2026-01-05 10:00:00+00:00,0.0,0
2026-01-05 11:00:00+00:00,0.0,0
2026-01-05 12:00:00+00:00,0.0,0
2026-01-05 13:00:00+00:00,0.0,0
2026-01-05 14:00:00+00:00,0.0,0
2026-01-05 15:00:00+00:00,0.0,0
2026-01-05 16:00:00+00:00,0.0,0
2026-01-05 17:00:00+00:00,0.0,0
2026-01-05 18:00:00+00:00,0.0,0
2026-01-05 19:00:00+00:00,0.0,0
2026-01-05 20:00:00+00:00,0.0,0
2026-01-05 21:00:00+00:00,0.0,0
2026-01-05 22:00:00+00:00,0.0,0
2026-01-05 23:00:00+00:00,-130.0,1
2026-01-06 00:00:00+00:00,-67.11656249999997,1
2026-01-06 01:00:00+00:00,0.0,0
2026-01-06 02:00:00+00:00,0.0,0
2026-01-06 03:00:00+00:00,0.0,0
2026-01-06 04:00:00+00:00,0.0,0
2026-01-06 05:00:00+00:00,0.0,0
2026-01-06 06:00:00+00:00,0.0,0
2026-01-06 07:00:00+00:00,0.0,0
2026-01-06 08:00:00+00:00,0.0,0
2026-01-06 09:00:00+00:00,0.0,0
2026-01-06 10:00:00+00:00,0.0,0
2026-01-06 11:00:00+00:00,0.0,0
2026-01-06 12:00:00+00:00,0.0,0
2026-01-06 13:00:00+00:00,0.0,0
2026-01-06 14:00:00+00:00,0.0,0
2026-01-06 15:00:00+00:00,0.0,0
2026-01-06 16:00:00+00:00,-94.6391874999994,1
2026-01-06 17:00:00+00:00,106.36363636363636,1
2026-01-06 18:00:00+00:00,0.0,0
2026-01-06 19:00:00+00:00,106.36363636363636,1
2026-01-06 20:00:00+00:00,0.0,0
2026-01-06 21:00:00+00:00,0.0,0
2026-01-06 22:00:00+00:00,0.0,0
2026-01-06 23:00:00+00:00,119.00096590909116,2
2026-01-07 00:00:00+00:00,0.0,0
2026-01-07 01:00:00+00:00,0.0,0
2026-01-07 02:00:00+00:00,0.0,0
2026-01-07 03:00:00+00:00,0.0,0
2026-01-07 04:00:00+00:00,0.0,0
2026-01-07 05:00:00+00:00,0.0,0
2026-01-07 06:00:00+00:00,0.0,0
2026-01-07 07:00:00+00:00,0.0,0
2026-01-07 08:00:00+00:00,0.0,0
2026-01-07 09:00:00+00:00,0.0,0
2026-01-07 10:00:00+00:00,0.0,0
2026-01-07 11:00:00+00:00,0.0,0
2026-01-07 12:00:00+00:00,0.0,0
2026-01-07 13:00:00+00:00,0.0,0
2026-01-07 14:00:00+00:00,0.0,0
2026-01-07 15:00:00+00:00,77.92160113636304,1
2026-01-07 16:00:00+00:00,-84.60928124999941,1
2026-01-07 17:00:00+00:00,-66.88296874999979,1
2026-01-07 18:00:00+00:00,0.0,0
2026-01-07 19:00:00+00:00,0.0,0
2026-01-07 20:00:00+00:00,0.0,0
2026-01-07 21:00:00+00:00,0.0,0
2026-01-07 22:00:00+00:00,0.0,0
2026-01-07 23:00:00+00:00,0.0,0
2026-01-08 00:00:00+00:00,0.0,0
2026-01-08 01:00:00+00:00,0.0,0
2026-01-08 02:00:00+00:00,0.0,0
2026-01-08 03:00:00+00:00,0.0,0
2026-01-08 04:00:00+00:00,0.0,0
2026-01-08 05:00:00+00:00,0.0,0
2026-01-08 06:00:00+00:00,0.0,0
2026-01-08 07:00:00+00:00,0.0,0
2026-01-08 08:00:00+00:00,0.0,0
2026-01-08 09:00:00+00:00,0.0,0
2026-01-08 10:00:00+00:00,0.0,0
2026-01-08 11:00:00+00:00,0.0,0
2026-01-08 12:00:00+00:00,0.0,0
2026-01-08 13:00:00+00:00,0.0,0
2026-01-08 14:00:00+00:00,0.0,0
2026-01-08 15:00:00+00:00,0.0,0
2026-01-08 16:00:00+00:00,0.0,0
2026-01-08 17:00:00+00:00,0.0,0
2026-01-08 18:00:00+00:00,0.0,0
2026-01-08 19:00:00+00:00,0.0,0
2026-01-08 20:00:00+00:00,0.0,0
2026-01-08 21:00:00+00:00,0.0,0
2026-01-08 22:00:00+00:00,0.0,0
2026-01-08 23:00:00+00:00,85.49907954545463,1
2026-01-09 00:00:00+00:00,0.0,0
2026-01-09 01:00:00+00:00,0.0,0
2026-01-09 02:00:00+00:00,0.0,0
2026-01-09 03:00:00+00:00,0.0,0
2026-01-09 04:00:00+00:00,0.0,0
2026-01-09 05:00:00+00:00,0.0,0
2026-01-09 06:00:00+00:00,0.0,0
2026-01-09 07:00:00+00:00,0.0,0
2026-01-09 08:00:00+00:00,63.32757954545401,1
2026-01-09 09:00:00+00:00,0.0,0
2026-01-09 10:00:00+00:00,0.0,0
2026-01-09 11:00:00+00:00,0.0,0
2026-01-09 12:00:00+00:00,0.0,0
2026-01-09 13:00:00+00:00,0.0,0
2026-01-09 14:00:00+00:00,0.0,0
2026-01-09 15:00:00+00:00,0.0,0
2026-01-09 16:00:00+00:00,0.0,0
2026-01-09 17:00:00+00:00,0.0,0
2026-01-09 18:00:00+00:00,0.0,0
2026-01-09 19:00:00+00:00,0.0,0
2026-01-09 20:00:00+00:00,102.20282386363591,1
2026-01-09 21:00:00+00:00,0.0,0
2026-01-09 22:00:00+00:00,0.0,0
2026-01-09 23:00:00+00:00,0.0,0
2026-01-10 00:00:00+00:00,0.0,0
2026-01-10 01:00:00+00:00,0.0,0
2026-01-10 02:00:00+00:00,0.0,0
2026-01-10 03:00:00+00:00,0.0,0
2026-01-10 04:00:00+00:00,0.0,0
2026-01-10 05:00:00+00:00,0.0,0
2026-01-10 06:00:00+00:00,0.0,0
2026-01-10 07:00:00+00:00,0.0,0
2026-01-10 08:00:00+00:00,0.0,0
2026-01-10 09:00:00+00:00,0.0,0
2026-01-10 10:00:00+00:00,0.0,0
2026-01-10 11:00:00+00:00,0.0,0
2026-01-10 12:00:00+00:00,0.0,0
2026-01-10 13:00:00+00:00,0.0,0
2026-01-10 14:00:00+00:00,0.0,0
2026-01-10 15:00:00+00:00,0.0,0
2026-01-10 16:00:00+00:00,0.0,0
2026-01-10 17:00:00+00:00,0.0,0
2026-01-10 18:00:00+00:00,0.0,0
2026-01-10 19:00:00+00:00,0.0,0
2026-01-10 20:00:00+00:00,0.0,0
2026-01-10 21:00:00+00:00,0.0,0
2026-01-10 22:00:00+00:00,0.0,0
2026-01-10 23:00:00+00:00,-81.46693750000038,1
2026-01-11 00:00:00+00:00,-74.29337500000022,1
2026-01-11 01:00:00+00:00,60.81912613636381,1
2026-01-11 02:00:00+00:00,0.0,0
2026-01-11 03:00:00+00:00,0.0,0
2026-01-11 04:00:00+00:00,100.91535852272736,1
2026-01-11 05:00:00+00:00,0.0,0
2026-01-11 06:00:00+00:00,0.0,0
2026-01-11 07:00:00+00:00,0.0,0
2026-01-11 08:00:00+00:00,-85.33655000000043,1
2026-01-11 09:00:00+00:00,0.0,0
2026-01-11 10:00:00+00:00,0.0,0
2026-01-11 11:00:00+00:00,0.0,0
2026-01-11 12:00:00+00:00,0.0,0
2026-01-11 13:00:00+00:00,0.0,0
2026-01-11 14:00:00+00:00,0.0,0
2026-01-11 15:00:00+00:00,0.0,0
2026-01-11 16:00:00+00:00,0.0,0
2026-01-11 17:00:00+00:00,0.0,0
2026-01-11 18:00:00+00:00,0.0,0
2026-01-11 19:00:00+00:00,0.0,0
2026-01-11 20:00:00+00:00,0.0,0
2026-01-11 21:00:00+00:00,0.0,0
2026-01-11 22:00:00+00:00,0.0,0
2026-01-11 23:00:00+00:00,0.0,0
2026-01-12 00:00:00+00:00,0.0,0
2026-01-12 01:00:00+00:00,0.0,0
2026-01-12 02:00:00+00:00,0.0,0
2026-01-12 03:00:00+00:00,0.0,0
2026-01-12 04:00:00+00:00,0.0,0
2026-01-12 05:00:00+00:00,0.0,0
2026-01-12 06:00:00+00:00,0.0,0
2026-01-12 07:00:00+00:00,-65.85263749999953,1
2026-01-12 08:00:00+00:00,0.0,0
2026-01-12 09:00:00+00:00,0.0,0
2026-01-12 10:00:00+00:00,0.0,0
2026-01-12 11:00:00+00:00,0.0,0
2026-01-12 12:00:00+00:00,0.0,0
2026-01-12 13:00:00+00:00,0.0,0
2026-01-12 14:00:00+00:00,0.0,0
2026-01-12 15:00:00+00:00,0.0,0
2026-01-12 16:00:00+00:00,0.0,0
2026-01-12 17:00:00+00:00,0.0,0
2026-01-12 18:00:00+00:00,0.0,0
2026-01-12 19:00:00+00:00,0.0,0
2026-01-12 20:00:00+00:00,0.0,0
2026-01-12 21:00:00+00:00,0.0,0
2026-01-12 22:00:00+00:00,0.0,0
2026-01-12 23:00:00+00:00,0.0,0
2026-01-13 00:00:00+00:00,0.0,0
2026-01-13 01:00:00+00:00,0.0,0
2026-01-13 02:00:00+00:00,0.0,0
2026-01-13 03:00:00+00:00,0.0,0
2026-01-13 04:00:00+00:00,0.0,0
2026-01-13 05:00:00+00:00,0.0,0
2026-01-13 06:00:00+00:00,0.0,0
2026-01-13 07:00:00+00:00,0.0,0
2026-01-13 08:00:00+00:00,0.0,0
2026-01-13 09:00:00+00:00,0.0,0
2026-01-13 10:00:00+00:00,0.0,0
2026-01-13 11:00:00+00:00,0.0,0
2026-01-13 12:00:00+00:00,0.0,0
2026-01-13 13:00:00+00:00,0.0,0
2026-01-13 14:00:00+00:00,0.0,0
2026-01-13 15:00:00+00:00,0.0,0
2026-01-13 16:00:00+00:00,0.0,0
2026-01-13 17:00:00+00:00,0.0,0
2026-01-13 18:00:00+00:00,0.0,0
2026-01-13 19:00:00+00:00,0.0,0
2026-01-13 20:00:00+00:00,0.0,0
2026-01-13 21:00:00+00:00,0.0,0
2026-01-13 22:00:00+00:00,0.0,0
2026-01-13 23:00:00+00:00,0.0,0
2026-01-14 00:00:00+00:00,0.0,0
2026-01-14 01:00:00+00:00,0.0,0
2026-01-14 02:00:00+00:00,0.0,0
2026-01-14 03:00:00+00:00,0.0,0
2026-01-14 04:00:00+00:00,0.0,0
2026-01-14 05:00:00+00:00,0.0,0
2026-01-14 06:00:00+00:00,0.0,0
2026-01-14 07:00:00+00:00,0.0,0
2026-01-14 08:00:00+00:00,0.0,0
2026-01-14 09:00:00+00:00,0.0,0
2026-01-14 10:00:00+00:00,0.0,0
2026-01-14 11:00:00+00:00,89.83186874999969,1
2026-01-14 12:00:00+00:00,0.0,0
2026-01-14 13:00:00+00:00,0.0,0
2026-01-14 14:00:00+00:00,0.0,0
2026-01-14 15:00:00+00:00,0.0,0
2026-01-14 16:00:00+00:00,0.0,0
2026-01-14 17:00:00+00:00,0.0,0
2026-01-14 18:00:00+00:00,0.0,0
2026-01-14 19:00:00+00:00,0.0,0
2026-01-14 20:00:00+00:00,0.0,0
2026-01-14 21:00:00+00:00,0.0,0
2026-01-14 22:00:00+00:00,0.0,0
2026-01-14 23:00:00+00:00,0.0,0
2026-01-15 00:00:00+00:00,0.0,0
2026-01-15 01:00:00+00:00,0.0,0
2026-01-15 02:00:00+00:00,0.0,0
2026-01-15 03:00:00+00:00,0.0,0
2026-01-15 04:00:00+00:00,0.0,0
2026-01-15 05:00:00+00:00,0.0,0
2026-01-15 06:00:00+00:00,0.0,0
2026-01-15 07:00:00+00:00,0.0,0
2026-01-15 08:00:00+00:00,0.0,0
2026-01-15 09:00:00+00:00,0.0,0
2026-01-15 10:00:00+00:00,0.0,0
2026-01-15 11:00:00+00:00,0.0,0
2026-01-15 12:00:00+00:00,0.0,0
2026-01-15 13:00:00+00:00,0.0,0
2026-01-15 14:00:00+00:00,0.0,0
2026-01-15 15:00:00+00:00,0.0,0
2026-01-15 16:00:00+00:00,0.0,0
2026-01-15 17:00:00+00:00,0.0,0
2026-01-15 18:00:00+00:00,0.0,0
2026-01-15 19:00:00+00:00,0.0,0
2026-01-15 20:00:00+00:00,106.36363636363636,1
2026-01-15 21:00:00+00:00,0.0,0
2026-01-15 22:00:00+00:00,0.0,0
2026-01-15 23:00:00+00:00,0.0,0
2026-01-16 00:00:00+00:00,0.0,0
2026-01-16 01:00:00+00:00,0.0,0
2026-01-16 02:00:00+00:00,0.0,0
2026-01-16 03:00:00+00:00,0.0,0
2026-01-16 04:00:00+00:00,182.23813636363576,2
2026-01-16 05:00:00+00:00,0.0,0
2026-01-16 06:00:00+00:00,0.0,0
2026-01-16 07:00:00+00:00,0.0,0
2026-01-16 08:00:00+00:00,0.0,0
2026-01-16 09:00:00+00:00,0.0,0
2026-01-16 10:00:00+00:00,92.4745397727268,1
2026-01-16 11:00:00+00:00,0.0,0
2026-01-16 12:00:00+00:00,0.0,0
2026-01-16 13:00:00+00:00,0.0,0
2026-01-16 14:00:00+00:00,0.0,0
2026-01-16 15:00:00+00:00,0.0,0
2026-01-16 16:00:00+00:00,0.0,0
2026-01-16 17:00:00+00:00,0.0,0
2026-01-16 18:00:00+00:00,0.0,0
2026-01-16 19:00:00+00:00,0.0,0
2026-01-16 20:00:00+00:00,0.0,0
2026-01-16 21:00:00+00:00,0.0,0
2026-01-16 22:00:00+00:00,0.0,0
2026-01-16 23:00:00+00:00,0.0,0
2026-01-17 00:00:00+00:00,0.0,0
2026-01-17 01:00:00+00:00,0.0,0
2026-01-17 02:00:00+00:00,0.0,0
2026-01-17 03:00:00+00:00,0.0,0
2026-01-17 04:00:00+00:00,0.0,0
2026-01-17 05:00:00+00:00,0.0,0
2026-01-17 06:00:00+00:00,0.0,0
2026-01-17 07:00:00+00:00,0.0,0
2026-01-17 08:00:00+00:00,0.0,0
2026-01-17 09:00:00+00:00,0.0,0
2026-01-17 10:00:00+00:00,0.0,0
2026-01-17 11:00:00+00:00,0.0,0
2026-01-17 12:00:00+00:00,0.0,0
2026-01-17 13:00:00+00:00,0.0,0
2026-01-17 14:00:00+00:00,0.0,0
2026-01-17 15:00:00+00:00,156.28035681818227,2
2026-01-17 16:00:00+00:00,0.0,0
2026-01-17 17:00:00+00:00,0.0,0
2026-01-17 18:00:00+00:00,0.0,0
2026-01-17 19:00:00+00:00,0.0,0
2026-01-17 20:00:00+00:00,0.0,0
2026-01-17 21:00:00+00:00,0.0,0
2026-01-17 22:00:00+00:00,0.0,0
2026-01-17 23:00:00+00:00,0.0,0
2026-01-18 00:00:00+00:00,0.0,0
2026-01-18 01:00:00+00:00,0.0,0
2026-01-18 02:00:00+00:00,0.0,0
2026-01-18 03:00:00+00:00,0.0,0
2026-01-18 04:00:00+00:00,0.0,0
2026-01-18 05:00:00+00:00,0.0,0
2026-01-18 06:00:00+00:00,0.0,0
2026-01-18 07:00:00+00:00,0.0,0
2026-01-18 08:00:00+00:00,-112.07868750000024,1
2026-01-18 09:00:00+00:00,0.0,0
2026-01-18 10:00:00+00:00,106.36363636363636,1
2026-01-18 11:00:00+00:00,0.0,0
2026-01-18 12:00:00+00:00,0.0,0
2026-01-18 13:00:00+00:00,0.0,0
2026-01-18 14:00:00+00:00,0.0,0
2026-01-18 15:00:00+00:00,0.0,0
2026-01-18 16:00:00+00:00,0.0,0
2026-01-18 17:00:00+00:00,0.0,0
2026-01-18 18:00:00+00:00,0.0,0
2026-01-18 19:00:00+00:00,0.0,0
2026-01-18 20:00:00+00:00,0.0,0
2026-01-18 21:00:00+00:00,0.0,0
2026-01-18 22:00:00+00:00,0.0,0
2026-01-18 23:00:00+00:00,-254.0911749999999,2
2026-01-19 00:00:00+00:00,0.0,0
2026-01-19 01:00:00+00:00,-8.13759375000106,2
2026-01-19 02:00:00+00:00,0.0,0
2026-01-19 03:00:00+00:00,0.0,0
2026-01-19 04:00:00+00:00,0.0,0
2026-01-19 05:00:00+00:00,0.0,0
2026-01-19 06:00:00+00:00,0.0,0
2026-01-19 07:00:00+00:00,0.0,0
2026-01-19 08:00:00+00:00,0.0,0
2026-01-19 09:00:00+00:00,0.0,0
2026-01-19 10:00:00+00:00,0.0,0
2026-01-19 11:00:00+00:00,0.0,0
2026-01-19 12:00:00+00:00,0.0,0
2026-01-19 13:00:00+00:00,0.0,0
2026-01-19 14:00:00+00:00,0.0,0
2026-01-19 15:00:00+00:00,0.0,0
2026-01-19 16:00:00+00:00,0.0,0
2026-01-19 17:00:00+00:00,0.0,0
2026-01-19 18:00:00+00:00,0.0,0
2026-01-19 19:00:00+00:00,0.0,0
2026-01-19 20:00:00+00:00,0.0,0
2026-01-19 21:00:00+00:00,0.0,0
2026-01-19 22:00:00+00:00,0.0,0
2026-01-19 23:00:00+00:00,-92.55350000000033,1
2026-01-20 00:00:00+00:00,0.0,0
2026-01-20 01:00:00+00:00,0.0,0
2026-01-20 02:00:00+00:00,0.0,0
2026-01-20 03:00:00+00:00,0.0,0
2026-01-20 04:00:00+00:00,0.0,0
2026-01-20 05:00:00+00:00,0.0,0
2026-01-20 06:00:00+00:00,0.0,0
2026-01-20 07:00:00+00:00,0.0,0
2026-01-20 08:00:00+00:00,-66.55967499999993,1
2026-01-20 09:00:00+00:00,0.0,0
2026-01-20 10:00:00+00:00,0.0,0
2026-01-20 11:00:00+00:00,0.0,0
2026-01-20 12:00:00+00:00,0.0,0
2026-01-20 13:00:00+00:00,0.0,0
2026-01-20 14:00:00+00:00,0.0,0
2026-01-20 15:00:00+00:00,0.0,0
2026-01-20 16:00:00+00:00,-77.45765624999943,1
2026-01-20 17:00:00+00:00,-77.45765624999943,1
2026-01-20 18:00:00+00:00,0.0,0
2026-01-20 19:00:00+00:00,0.0,0
2026-01-20 20:00:00+00:00,0.0,0
2026-01-20 21:00:00+00:00,0.0,0
2026-01-20 22:00:00+00:00,0.0,0
2026-01-20 23:00:00+00:00,87.96339204545501,1
2026-01-21 00:00:00+00:00,0.0,0
2026-01-21 01:00:00+00:00,0.0,0
2026-01-21 02:00:00+00:00,0.0,0
2026-01-21 03:00:00+00:00,0.0,0
2026-01-21 04:00:00+00:00,0.0,0
2026-01-21 05:00:00+00:00,0.0,0
2026-01-21 06:00:00+00:00,0.0,0
2026-01-21 07:00:00+00:00,0.0,0
2026-01-21 08:00:00+00:00,0.0,0
2026-01-21 09:00:00+00:00,0.0,0
2026-01-21 10:00:00+00:00,0.0,0
2026-01-21 11:00:00+00:00,0.0,0
2026-01-21 12:00:00+00:00,0.0,0
2026-01-21 13:00:00+00:00,0.0,0
2026-01-21 14:00:00+00:00,0.0,0
2026-01-21 15:00:00+00:00,0.0,0
2026-01-21 16:00:00+00:00,0.0,0
2026-01-21 17:00:00+00:00,0.0,0
2026-01-21 18:00:00+00:00,0.0,0
2026-01-21 19:00:00+00:00,0.0,0
2026-01-21 20:00:00+00:00,0.0,0
2026-01-21 21:00:00+00:00,0.0,0
2026-01-21 22:00:00+00:00,0.0,0
2026-01-21 23:00:00+00:00,88.61221022727266,1
2026-01-22 00:00:00+00:00,0.0,0
2026-01-22 01:00:00+00:00,0.0,0
2026-01-22 02:00:00+00:00,0.0,0
2026-01-22 03:00:00+00:00,0.0,0
2026-01-22 04:00:00+00:00,-66.84738125000048,1
2026-01-22 05:00:00+00:00,0.0,0
2026-01-22 06:00:00+00:00,0.0,0
2026-01-22 07:00:00+00:00,0.0,0
2026-01-22 08:00:00+00:00,0.0,0
2026-01-22 09:00:00+00:00,0.0,0
2026-01-22 10:00:00+00:00,0.0,0
2026-01-22 11:00:00+00:00,0.0,0
2026-01-22 12:00:00+00:00,0.0,0
2026-01-22 13:00:00+00:00,-70.4141749999998,1
2026-01-22 14:00:00+00:00,0.0,0
2026-01-22 15:00:00+00:00,0.0,0
2026-01-22 16:00:00+00:00,0.0,0
2026-01-22 17:00:00+00:00,0.0,0
2026-01-22 18:00:00+00:00,0.0,0
2026-01-22 19:00:00+00:00,0.0,0
2026-01-22 20:00:00+00:00,0.0,0
2026-01-22 21:00:00+00:00,0.0,0
2026-01-22 22:00:00+00:00,0.0,0
2026-01-22 23:00:00+00:00,0.0,0
2026-01-23 00:00:00+00:00,0.0,0
2026-01-23 01:00:00+00:00,0.0,0
2026-01-23 02:00:00+00:00,0.0,0
2026-01-23 03:00:00+00:00,0.0,0
2026-01-23 04:00:00+00:00,0.0,0
2026-01-23 05:00:00+00:00,0.0,0
2026-01-23 06:00:00+00:00,0.0,0
2026-01-23 07:00:00+00:00,0.0,0
2026-01-23 08:00:00+00:00,-72.77026249999999,1
2026-01-23 09:00:00+00:00,0.0,0
2026-01-23 10:00:00+00:00,0.0,0
2026-01-23 11:00:00+00:00,0.0,0
2026-01-23 12:00:00+00:00,0.0,0
2026-01-23 13:00:00+00:00,0.0,0
2026-01-23 14:00:00+00:00,0.0,0
2026-01-23 15:00:00+00:00,0.0,0
2026-01-23 16:00:00+00:00,0.0,0
2026-01-23 17:00:00+00:00,0.0,0
2026-01-23 18:00:00+00:00,0.0,0
2026-01-23 19:00:00+00:00,0.0,0
2026-01-23 20:00:00+00:00,0.0,0
2026-01-23 21:00:00+00:00,0.0,0
2026-01-23 22:00:00+00:00,0.0,0
2026-01-23 23:00:00+00:00,0.0,0
2026-01-24 00:00:00+00:00,0.0,0
2026-01-24 01:00:00+00:00,0.0,0
2026-01-24 02:00:00+00:00,0.0,0
2026-01-24 03:00:00+00:00,0.0,0
2026-01-24 04:00:00+00:00,0.0,0
2026-01-24 05:00:00+00:00,0.0,0
2026-01-24 06:00:00+00:00,0.0,0
2026-01-24 07:00:00+00:00,0.0,0
2026-01-24 08:00:00+00:00,0.0,0
2026-01-24 09:00:00+00:00,0.0,0
2026-01-24 10:00:00+00:00,0.0,0
2026-01-24 11:00:00+00:00,0.0,0
2026-01-24 12:00:00+00:00,0.0,0
2026-01-24 13:00:00+00:00,0.0,0
2026-01-24 14:00:00+00:00,0.0,0
2026-01-24 15:00:00+00:00,0.0,0
2026-01-24 16:00:00+00:00,0.0,0
2026-01-24 17:00:00+00:00,0.0,0
2026-01-24 18:00:00+00:00,0.0,0
2026-01-24 19:00:00+00:00,0.0,0
2026-01-24 20:00:00+00:00,0.0,0
2026-01-24 21:00:00+00:00,0.0,0
2026-01-24 22:00:00+00:00,0.0,0
2026-01-24 23:00:00+00:00,0.0,0
2026-01-25 00:00:00+00:00,0.0,0
2026-01-25 01:00:00+00:00,0.0,0
2026-01-25 02:00:00+00:00,0.0,0
2026-01-25 03:00:00+00:00,0.0,0
2026-01-25 04:00:00+00:00,0.0,0
2026-01-25 05:00:00+00:00,0.0,0
2026-01-25 06:00:00+00:00,0.0,0
2026-01-25 07:00:00+00:00,0.0,0
2026-01-25 08:00:00+00:00,57.68565340909088,1
2026-01-25 09:00:00+00:00,0.0,0
2026-01-25 10:00:00+00:00,0.0,0
2026-01-25 11:00:00+00:00,65.88628977272762,1
2026-01-25 12:00:00+00:00,0.0,0
2026-01-25 13:00:00+00:00,0.0,0
2026-01-25 14:00:00+00:00,0.0,0
2026-01-25 15:00:00+00:00,0.0,0
2026-01-25 16:00:00+00:00,-93.38338750000008,1
2026-01-25 17:00:00+00:00,-75.81486250000042,1
2026-01-25 18:00:00+00:00,0.0,0
2026-01-25 19:00:00+00:00,182.7682261363637,2
2026-01-25 20:00:00+00:00,-130.0,1
2026-01-25 21:00:00+00:00,0.0,0
2026-01-25 22:00:00+00:00,0.0,0
2026-01-25 23:00:00+00:00,0.0,0
2026-01-26 00:00:00+00:00,0.0,0
2026-01-26 01:00:00+00:00,0.0,0
2026-01-26 02:00:00+00:00,0.0,0
2026-01-26 03:00:00+00:00,0.0,0
2026-01-26 04:00:00+00:00,0.0,0
2026-01-26 05:00:00+00:00,0.0,0
2026-01-26 06:00:00+00:00,0.0,0
2026-01-26 07:00:00+00:00,0.0,0
2026-01-26 08:00:00+00:00,0.0,0
2026-01-26 09:00:00+00:00,0.0,0
2026-01-26 10:00:00+00:00,0.0,0
2026-01-26 11:00:00+00:00,0.0,0
2026-01-26 12:00:00+00:00,0.0,0
2026-01-26 13:00:00+00:00,0.0,0
2026-01-26 14:00:00+00:00,0.0,0
2026-01-26 15:00:00+00:00,0.0,0
2026-01-26 16:00:00+00:00,0.0,0
2026-01-26 17:00:00+00:00,0.0,0
2026-01-26 18:00:00+00:00,0.0,0
2026-01-26 19:00:00+00:00,0.0,0
2026-01-26 20:00:00+00:00,0.0,0
2026-01-26 21:00:00+00:00,0.0,0
2026-01-26 22:00:00+00:00,0.0,0
2026-01-26 23:00:00+00:00,55.778420454545575,1
2026-01-27 00:00:00+00:00,0.0,0
2026-01-27 01:00:00+00:00,0.0,0
2026-01-27 02:00:00+00:00,0.0,0
2026-01-27 03:00:00+00:00,0.0,0
2026-01-27 04:00:00+00:00,0.0,0
2026-01-27 05:00:00+00:00,0.0,0
2026-01-27 06:00:00+00:00,0.0,0
2026-01-27 07:00:00+00:00,0.0,0
2026-01-27 08:00:00+00:00,0.0,0
2026-01-27 09:00:00+00:00,0.0,0
2026-01-27 10:00:00+00:00,0.0,0
2026-01-27 11:00:00+00:00,0.0,0
2026-01-27 12:00:00+00:00,0.0,0
2026-01-27 13:00:00+00:00,0.0,0
2026-01-27 14:00:00+00:00,0.0,0
2026-01-27 15:00:00+00:00,0.0,0
2026-01-27 16:00:00+00:00,0.0,0
2026-01-27 17:00:00+00:00,0.0,0
2026-01-27 18:00:00+00:00,0.0,0
2026-01-27 19:00:00+00:00,0.0,0
2026-01-27 20:00:00+00:00,0.0,0
2026-01-27 21:00:00+00:00,0.0,0
2026-01-27 22:00:00+00:00,0.0,0
2026-01-27 23:00:00+00:00,183.9362318181819,2
2026-01-28 00:00:00+00:00,0.0,0
2026-01-28 01:00:00+00:00,57.47525284090947,1
2026-01-28 02:00:00+00:00,0.0,0
2026-01-28 03:00:00+00:00,0.0,0
2026-01-28 04:00:00+00:00,0.0,0
2026-01-28 05:00:00+00:00,0.0,0
2026-01-28 06:00:00+00:00,0.0,0
2026-01-28 07:00:00+00:00,0.0,0
2026-01-28 08:00:00+00:00,0.0,0
2026-01-28 09:00:00+00:00,0.0,0
2026-01-28 10:00:00+00:00,0.0,0
2026-01-28 11:00:00+00:00,0.0,0
2026-01-28 12:00:00+00:00,0.0,0
2026-01-28 13:00:00+00:00,0.0,0
2026-01-28 14:00:00+00:00,0.0,0
2026-01-28 15:00:00+00:00,0.0,0
2026-01-28 16:00:00+00:00,0.0,0
2026-01-28 17:00:00+00:00,0.0,0
2026-01-28 18:00:00+00:00,0.0,0
2026-01-28 19:00:00+00:00,0.0,0
2026-01-28 20:00:00+00:00,0.0,0
2026-01-28 21:00:00+00:00,0.0,0
2026-01-28 22:00:00+00:00,0.0,0
2026-01-28 23:00:00+00:00,0.0,0
2026-01-29 00:00:00+00:00,0.0,0
2026-01-29 01:00:00+00:00,0.0,0
2026-01-29 02:00:00+00:00,0.0,0
2026-01-29 03:00:00+00:00,0.0,0
2026-01-29 04:00:00+00:00,0.0,0
2026-01-29 05:00:00+00:00,0.0,0
2026-01-29 06:00:00+00:00,0.0,0
2026-01-29 07:00:00+00:00,0.0,0
2026-01-29 08:00:00+00:00,0.0,0
2026-01-29 09:00:00+00:00,0.0,0
2026-01-29 10:00:00+00:00,0.0,0
2026-01-29 11:00:00+00:00,0.0,0
2026-01-29 12:00:00+00:00,0.0,0
2026-01-29 13:00:00+00:00,-123.51949999999952,1
2026-01-29 14:00:00+00:00,0.0,0
2026-01-29 15:00:00+00:00,133.77593863636304,2
2026-01-29 16:00:00+00:00,0.0,0
2026-01-29 17:00:00+00:00,0.0,0
2026-01-29 18:00:00+00:00,0.0,0
2026-01-29 19:00:00+00:00,57.42306818181761,1
2026-01-29 20:00:00+00:00,0.0,0
2026-01-29 21:00:00+00:00,0.0,0
2026-01-29 22:00:00+00:00,0.0,0
2026-01-29 23:00:00+00:00,0.0,0
2026-01-30 00:00:00+00:00,0.0,0
2026-01-30 01:00:00+00:00,0.0,0
2026-01-30 02:00:00+00:00,0.0,0
2026-01-30 03:00:00+00:00,0.0,0
2026-01-30 04:00:00+00:00,0.0,0
2026-01-30 05:00:00+00:00,0.0,0
2026-01-30 06:00:00+00:00,0.0,0
2026-01-30 07:00:00+00:00,0.0,0
2026-01-30 08:00:00+00:00,0.0,0
2026-01-30 09:00:00+00:00,0.0,0
2026-01-30 10:00:00+00:00,0.0,0
2026-01-30 11:00:00+00:00,0.0,0
2026-01-30 12:00:00+00:00,0.0,0
2026-01-30 13:00:00+00:00,0.0,0
2026-01-30 14:00:00+00:00,0.0,0
2026-01-30 15:00:00+00:00,0.0,0
2026-01-30 16:00:00+00:00,0.0,0
2026-01-30 17:00:00+00:00,0.0,0
2026-01-30 18:00:00+00:00,0.0,0
2026-01-30 19:00:00+00:00,0.0,0
2026-01-30 20:00:00+00:00,0.0,0
2026-01-30 21:00:00+00:00,0.0,0
2026-01-30 22:00:00+00:00,0.0,0
2026-01-30 23:00:00+00:00,0.0,0
2026-01-31 00:00:00+00:00,0.0,0
2026-01-31 01:00:00+00:00,0.0,0
2026-01-31 02:00:00+00:00,0.0,0
2026-01-31 03:00:00+00:00,0.0,0
2026-01-31 04:00:00+00:00,0.0,0
2026-01-31 05:00:00+00:00,0.0,0
2026-01-31 06:00:00+00:00,0.0,0
2026-01-31 07:00:00+00:00,-79.38076249999976,1
2026-01-31 08:00:00+00:00,65.84839772727236,1
2026-01-31 09:00:00+00:00,0.0,0
2026-01-31 10:00:00+00:00,0.0,0
2026-01-31 11:00:00+00:00,0.0,0
2026-01-31 12:00:00+00:00,0.0,0
2026-01-31 13:00:00+00:00,-99.45000000000016,1
2026-01-31 14:00:00+00:00,0.0,0
2026-01-31 15:00:00+00:00,0.0,0
2026-01-31 16:00:00+00:00,-183.80821875000004,2
2026-01-31 17:00:00+00:00,-1.627038636362812,2
2026-01-31 18:00:00+00:00,0.0,0
2026-01-31 19:00:00+00:00,88.40506704545427,1
2026-01-31 20:00:00+00:00,56.367010227272274,1
2026-01-31 21:00:00+00:00,0.0,0
2026-01-31 22:00:00+00:00,0.0,0
2026-01-31 23:00:00+00:00,-97.25625000000024,1
2026-02-01 00:00:00+00:00,0.0,0
2026-02-01 01:00:00+00:00,0.0,0
2026-02-01 02:00:00+00:00,0.0,0
2026-02-01 03:00:00+00:00,0.0,0
2026-02-01 04:00:00+00:00,0.0,0
2026-02-01 05:00:00+00:00,0.0,0
2026-02-01 06:00:00+00:00,0.0,0
2026-02-01 07:00:00+00:00,0.0,0
2026-02-01 08:00:00+00:00,0.0,0
2026-02-01 09:00:00+00:00,0.0,0
2026-02-01 10:00:00+00:00,53.262056250000185,1
2026-02-01 11:00:00+00:00,0.0,0
2026-02-01 12:00:00+00:00,0.0,0
2026-02-01 13:00:00+00:00,-130.0,1
2026-02-01 14:00:00+00:00,0.0,0
2026-02-01 15:00:00+00:00,-68.62943750000017,1
2026-02-01 16:00:00+00:00,106.36363636363636,1
2026-02-01 17:00:00+00:00,0.0,0
2026-02-01 18:00:00+00:00,0.0,0
2026-02-01 19:00:00+00:00,-130.0,1
2026-02-01 20:00:00+00:00,-82.08606250000014,1
2026-02-01 21:00:00+00:00,0.0,0
2026-02-01 22:00:00+00:00,0.0,0
2026-02-01 23:00:00+00:00,100.65323863636404,1
2026-02-02 00:00:00+00:00,0.0,0
2026-02-02 01:00:00+00:00,0.0,0
2026-02-02 02:00:00+00:00,0.0,0
2026-02-02 03:00:00+00:00,0.0,0
2026-02-02 04:00:00+00:00,0.0,0
2026-02-02 05:00:00+00:00,0.0,0
2026-02-02 06:00:00+00:00,0.0,0
2026-02-02 07:00:00+00:00,0.0,0
2026-02-02 08:00:00+00:00,0.0,0
2026-02-02 09:00:00+00:00,0.0,0
2026-02-02 10:00:00+00:00,0.0,0
2026-02-02 11:00:00+00:00,0.0,0
2026-02-02 12:00:00+00:00,0.0,0
2026-02-02 13:00:00+00:00,0.0,0
2026-02-02 14:00:00+00:00,0.0,0
2026-02-02 15:00:00+00:00,0.0,0
2026-02-02 16:00:00+00:00,0.0,0
2026-02-02 17:00:00+00:00,0.0,0
2026-02-02 18:00:00+00:00,0.0,0
2026-02-02 19:00:00+00:00,0.0,0
2026-02-02 20:00:00+00:00,0.0,0
2026-02-02 21:00:00+00:00,0.0,0
2026-02-02 22:00:00+00:00,0.0,0
2026-02-02 23:00:00+00:00,-66.97811250000069,1
2026-02-03 00:00:00+00:00,0.0,0
2026-02-03 01:00:00+00:00,0.0,0
2026-02-03 02:00:00+00:00,0.0,0
2026-02-03 03:00:00+00:00,0.0,0
2026-02-03 04:00:00+00:00,0.0,0
2026-02-03 05:00:00+00:00,0.0,0
2026-02-03 06:00:00+00:00,0.0,0
2026-02-03 07:00:00+00:00,0.0,0
2026-02-03 08:00:00+00:00,0.0,0
2026-02-03 09:00:00+00:00,0.0,0
2026-02-03 10:00:00+00:00,0.0,0
2026-02-03 11:00:00+00:00,0.0,0
2026-02-03 12:00:00+00:00,0.0,0
2026-02-03 13:00:00+00:00,0.0,0
2026-02-03 14:00:00+00:00,0.0,0
2026-02-03 15:00:00+00:00,0.0,0
2026-02-03 16:00:00+00:00,0.0,0
2026-02-03 17:00:00+00:00,-83.44415624999928,1
2026-02-03 18:00:00+00:00,0.0,0
2026-02-03 19:00:00+00:00,0.0,0
2026-02-03 20:00:00+00:00,0.0,0
2026-02-03 21:00:00+00:00,0.0,0
2026-02-03 22:00:00+00:00,0.0,0
2026-02-03 23:00:00+00:00,0.0,0
2026-02-04 00:00:00+00:00,0.0,0
2026-02-04 01:00:00+00:00,0.0,0
2026-02-04 02:00:00+00:00,0.0,0
2026-02-04 03:00:00+00:00,0.0,0
2026-02-04 04:00:00+00:00,0.0,0
2026-02-04 05:00:00+00:00,0.0,0
2026-02-04 06:00:00+00:00,0.0,0
2026-02-04 07:00:00+00:00,0.0,0
2026-02-04 08:00:00+00:00,0.0,0
2026-02-04 09:00:00+00:00,0.0,0
2026-02-04 10:00:00+00:00,0.0,0
2026-02-04 11:00:00+00:00,0.0,0
2026-02-04 12:00:00+00:00,0.0,0
2026-02-04 13:00:00+00:00,0.0,0
2026-02-04 14:00:00+00:00,0.0,0
2026-02-04 15:00:00+00:00,0.0,0
2026-02-04 16:00:00+00:00,0.0,0
2026-02-04 17:00:00+00:00,95.10637499999956,1
2026-02-04 18:00:00+00:00,0.0,0
2026-02-04 19:00:00+00:00,0.0,0
2026-02-04 20:00:00+00:00,0.0,0
2026-02-04 21:00:00+00:00,0.0,0
2026-02-04 22:00:00+00:00,0.0,0
2026-02-04 23:00:00+00:00,0.0,0
2026-02-05 00:00:00+00:00,0.0,0
2026-02-05 01:00:00+00:00,-76.77799999999951,1
2026-02-05 02:00:00+00:00,-115.37613749999926,1
2026-02-05 03:00:00+00:00,0.0,0
2026-02-05 04:00:00+00:00,0.0,0
2026-02-05 05:00:00+00:00,0.0,0
2026-02-05 06:00:00+00:00,0.0,0
2026-02-05 07:00:00+00:00,0.0,0
2026-02-05 08:00:00+00:00,0.0,0
2026-02-05 09:00:00+00:00,0.0,0
2026-02-05 10:00:00+00:00,-124.81243124999958,1
2026-02-05 11:00:00+00:00,99.22464204545408,1
2026-02-05 12:00:00+00:00,0.0,0
2026-02-05 13:00:00+00:00,0.0,0
2026-02-05 14:00:00+00:00,0.0,0
2026-02-05 15:00:00+00:00,-95.28674999999951,1
2026-02-05 16:00:00+00:00,-130.0,1
2026-02-05 17:00:00+00:00,106.36363636363636,1
2026-02-05 18:00:00+00:00,0.0,0
2026-02-05 19:00:00+00:00,-130.0,1
2026-02-05 20:00:00+00:00,-130.0,1
2026-02-05 21:00:00+00:00,0.0,0
2026-02-05 22:00:00+00:00,0.0,0
2026-02-05 23:00:00+00:00,100.81830170454568,1
2026-02-06 00:00:00+00:00,0.0,0
2026-02-06 01:00:00+00:00,0.0,0
2026-02-06 02:00:00+00:00,0.0,0
2026-02-06 03:00:00+00:00,0.0,0
2026-02-06 04:00:00+00:00,0.0,0
2026-02-06 05:00:00+00:00,0.0,0
2026-02-06 06:00:00+00:00,0.0,0
2026-02-06 07:00:00+00:00,0.0,0
2026-02-06 08:00:00+00:00,0.0,0
2026-02-06 09:00:00+00:00,0.0,0
2026-02-06 10:00:00+00:00,0.0,0
2026-02-06 11:00:00+00:00,0.0,0
2026-02-06 12:00:00+00:00,0.0,0
2026-02-06 13:00:00+00:00,0.0,0
2026-02-06 14:00:00+00:00,0.0,0
2026-02-06 15:00:00+00:00,0.0,0
2026-02-06 16:00:00+00:00,-83.87153124999985,1
2026-02-06 17:00:00+00:00,0.0,0
2026-02-06 18:00:00+00:00,0.0,0
2026-02-06 19:00:00+00:00,68.62216193181804,1
2026-02-06 20:00:00+00:00,0.0,0
2026-02-06 21:00:00+00:00,0.0,0
2026-02-06 22:00:00+00:00,0.0,0
2026-02-06 23:00:00+00:00,0.0,0
2026-02-07 00:00:00+00:00,0.0,0
2026-02-07 01:00:00+00:00,0.0,0
2026-02-07 02:00:00+00:00,0.0,0
2026-02-07 03:00:00+00:00,0.0,0
2026-02-07 04:00:00+00:00,0.0,0
2026-02-07 05:00:00+00:00,0.0,0
2026-02-07 06:00:00+00:00,0.0,0
2026-02-07 07:00:00+00:00,0.0,0
2026-02-07 08:00:00+00:00,0.0,0
2026-02-07 09:00:00+00:00,0.0,0
2026-02-07 10:00:00+00:00,-103.09487499999943,1
2026-02-07 11:00:00+00:00,62.74058522727266,1
2026-02-07 12:00:00+00:00,0.0,0
2026-02-07 13:00:00+00:00,0.0,0
2026-02-07 14:00:00+00:00,0.0,0
2026-02-07 15:00:00+00:00,0.0,0
2026-02-07 16:00:00+00:00,0.0,0
2026-02-07 17:00:00+00:00,0.0,0
2026-02-07 18:00:00+00:00,0.0,0
2026-02-07 19:00:00+00:00,0.0,0
2026-02-07 20:00:00+00:00,0.0,0
2026-02-07 21:00:00+00:00,0.0,0
2026-02-07 22:00:00+00:00,0.0,0
2026-02-07 23:00:00+00:00,0.0,0
2026-02-08 00:00:00+00:00,77.01086249999977,1
2026-02-08 01:00:00+00:00,0.0,0
2026-02-08 02:00:00+00:00,0.0,0
2026-02-08 03:00:00+00:00,0.0,0
2026-02-08 04:00:00+00:00,0.0,0
2026-02-08 05:00:00+00:00,0.0,0
2026-02-08 06:00:00+00:00,0.0,0
2026-02-08 07:00:00+00:00,-92.4434874999996,1
2026-02-08 08:00:00+00:00,0.0,0
2026-02-08 09:00:00+00:00,0.0,0
2026-02-08 10:00:00+00:00,0.0,0
2026-02-08 11:00:00+00:00,-70.64768749999958,1
2026-02-08 12:00:00+00:00,0.0,0
2026-02-08 13:00:00+00:00,106.36363636363636,1
2026-02-08 14:00:00+00:00,0.0,0
2026-02-08 15:00:00+00:00,0.0,0
2026-02-08 16:00:00+00:00,0.0,0
2026-02-08 17:00:00+00:00,0.0,0
2026-02-08 18:00:00+00:00,0.0,0
2026-02-08 19:00:00+00:00,106.36363636363636,1
2026-02-08 20:00:00+00:00,0.0,0
2026-02-08 21:00:00+00:00,0.0,0
2026-02-08 22:00:00+00:00,0.0,0
2026-02-08 23:00:00+00:00,0.0,0
2026-02-09 00:00:00+00:00,0.0,0
2026-02-09 01:00:00+00:00,0.0,0
2026-02-09 02:00:00+00:00,0.0,0
2026-02-09 03:00:00+00:00,0.0,0
2026-02-09 04:00:00+00:00,0.0,0
2026-02-09 05:00:00+00:00,0.0,0
2026-02-09 06:00:00+00:00,0.0,0
2026-02-09 07:00:00+00:00,0.0,0
2026-02-09 08:00:00+00:00,0.0,0
2026-02-09 09:00:00+00:00,0.0,0
2026-02-09 10:00:00+00:00,0.0,0
2026-02-09 11:00:00+00:00,65.72448409090899,1
2026-02-09 12:00:00+00:00,0.0,0
2026-02-09 13:00:00+00:00,0.0,0
2026-02-09 14:00:00+00:00,0.0,0
2026-02-09 15:00:00+00:00,0.0,0
2026-02-09 16:00:00+00:00,0.0,0
2026-02-09 17:00:00+00:00,0.0,0
2026-02-09 18:00:00+00:00,0.0,0
2026-02-09 19:00:00+00:00,0.0,0
2026-02-09 20:00:00+00:00,0.0,0
2026-02-09 21:00:00+00:00,0.0,0
2026-02-09 22:00:00+00:00,0.0,0
2026-02-09 23:00:00+00:00,-77.35601250000016,1
2026-02-10 00:00:00+00:00,0.0,0
2026-02-10 01:00:00+00:00,0.0,0
2026-02-10 02:00:00+00:00,0.0,0
2026-02-10 03:00:00+00:00,0.0,0
2026-02-10 04:00:00+00:00,0.0,0
2026-02-10 05:00:00+00:00,0.0,0
2026-02-10 06:00:00+00:00,0.0,0
2026-02-10 07:00:00+00:00,0.0,0
2026-02-10 08:00:00+00:00,0.0,0
2026-02-10 09:00:00+00:00,0.0,0
2026-02-10 10:00:00+00:00,0.0,0
2026-02-10 11:00:00+00:00,0.0,0
2026-02-10 12:00:00+00:00,0.0,0
2026-02-10 13:00:00+00:00,0.0,0
2026-02-10 14:00:00+00:00,0.0,0
2026-02-10 15:00:00+00:00,0.0,0
2026-02-10 16:00:00+00:00,0.0,0
2026-02-10 17:00:00+00:00,0.0,0
2026-02-10 18:00:00+00:00,0.0,0
2026-02-10 19:00:00+00:00,0.0,0
2026-02-10 20:00:00+00:00,0.0,0
2026-02-10 21:00:00+00:00,0.0,0
2026-02-10 22:00:00+00:00,0.0,0
2026-02-10 23:00:00+00:00,0.0,0
2026-02-11 00:00:00+00:00,0.0,0
2026-02-11 01:00:00+00:00,0.0,0
2026-02-11 02:00:00+00:00,0.0,0
2026-02-11 03:00:00+00:00,0.0,0
2026-02-11 04:00:00+00:00,-83.32642499999946,1
2026-02-11 05:00:00+00:00,0.0,0
2026-02-11 06:00:00+00:00,0.0,0
2026-02-11 07:00:00+00:00,0.0,0
2026-02-11 08:00:00+00:00,0.0,0
2026-02-11 09:00:00+00:00,0.0,0
2026-02-11 10:00:00+00:00,0.0,0
2026-02-11 11:00:00+00:00,0.0,0
2026-02-11 12:00:00+00:00,0.0,0
2026-02-11 13:00:00+00:00,0.0,0
2026-02-11 14:00:00+00:00,0.0,0
2026-02-11 15:00:00+00:00,0.0,0
2026-02-11 16:00:00+00:00,0.0,0
2026-02-11 17:00:00+00:00,0.0,0
2026-02-11 18:00:00+00:00,0.0,0
2026-02-11 19:00:00+00:00,0.0,0
2026-02-11 20:00:00+00:00,0.0,0
2026-02-11 21:00:00+00:00,0.0,0
2026-02-11 22:00:00+00:00,0.0,0
2026-02-11 23:00:00+00:00,0.0,0
2026-02-12 00:00:00+00:00,0.0,0
2026-02-12 01:00:00+00:00,0.0,0
2026-02-12 02:00:00+00:00,0.0,0
2026-02-12 03:00:00+00:00,0.0,0
2026-02-12 04:00:00+00:00,61.55928409090937,1
2026-02-12 05:00:00+00:00,0.0,0
2026-02-12 06:00:00+00:00,0.0,0
2026-02-12 07:00:00+00:00,0.0,0
2026-02-12 08:00:00+00:00,0.0,0
2026-02-12 09:00:00+00:00,0.0,0
2026-02-12 10:00:00+00:00,58.11310227272735,1
2026-02-12 11:00:00+00:00,0.0,0
2026-02-12 12:00:00+00:00,0.0,0
2026-02-12 13:00:00+00:00,0.0,0
2026-02-12 14:00:00+00:00,0.0,0
2026-02-12 15:00:00+00:00,0.0,0
2026-02-12 16:00:00+00:00,76.22284090909069,1
2026-02-12 17:00:00+00:00,0.0,0
2026-02-12 18:00:00+00:00,0.0,0
2026-02-12 19:00:00+00:00,0.0,0
2026-02-12 20:00:00+00:00,0.0,0
2026-02-12 21:00:00+00:00,0.0,0
2026-02-12 22:00:00+00:00,0.0,0
2026-02-12 23:00:00+00:00,0.0,0
2026-02-13 00:00:00+00:00,0.0,0
2026-02-13 01:00:00+00:00,0.0,0
2026-02-13 02:00:00+00:00,0.0,0
2026-02-13 03:00:00+00:00,0.0,0
2026-02-13 04:00:00+00:00,0.0,0
2026-02-13 05:00:00+00:00,0.0,0
2026-02-13 06:00:00+00:00,0.0,0
2026-02-13 07:00:00+00:00,0.0,0
2026-02-13 08:00:00+00:00,0.0,0
2026-02-13 09:00:00+00:00,0.0,0
2026-02-13 10:00:00+00:00,0.0,0
2026-02-13 11:00:00+00:00,0.0,0
2026-02-13 12:00:00+00:00,0.0,0
2026-02-13 13:00:00+00:00,0.0,0
2026-02-13 14:00:00+00:00,0.0,0
2026-02-13 15:00:00+00:00,0.0,0
2026-02-13 16:00:00+00:00,78.94574999999985,1
2026-02-13 17:00:00+00:00,0.0,0
2026-02-13 18:00:00+00:00,0.0,0
2026-02-13 19:00:00+00:00,0.0,0
2026-02-13 20:00:00+00:00,0.0,0
2026-02-13 21:00:00+00:00,0.0,0
2026-02-13 22:00:00+00:00,0.0,0
2026-02-13 23:00:00+00:00,-82.18437500000073,1
2026-02-14 00:00:00+00:00,187.64473295454565,2
2026-02-14 01:00:00+00:00,60.63059659090961,1
2026-02-14 02:00:00+00:00,0.0,0
2026-02-14 03:00:00+00:00,0.0,0
2026-02-14 04:00:00+00:00,0.0,0
2026-02-14 05:00:00+00:00,0.0,0
2026-02-14 06:00:00+00:00,0.0,0
2026-02-14 07:00:00+00:00,-130.0,1
2026-02-14 08:00:00+00:00,106.36363636363636,1
2026-02-14 09:00:00+00:00,0.0,0
2026-02-14 10:00:00+00:00,0.0,0
2026-02-14 11:00:00+00:00,0.0,0
2026-02-14 12:00:00+00:00,0.0,0
2026-02-14 13:00:00+00:00,0.0,0
2026-02-14 14:00:00+00:00,0.0,0
2026-02-14 15:00:00+00:00,0.0,0
2026-02-14 16:00:00+00:00,0.0,0
2026-02-14 17:00:00+00:00,0.0,0
2026-02-14 18:00:00+00:00,0.0,0
2026-02-14 19:00:00+00:00,-84.11243749999979,1
2026-02-14 20:00:00+00:00,106.36363636363636,1
2026-02-14 21:00:00+00:00,0.0,0
2026-02-14 22:00:00+00:00,0.0,0
2026-02-14 23:00:00+00:00,-97.42151250000074,1
2026-02-15 00:00:00+00:00,0.0,0
2026-02-15 01:00:00+00:00,0.0,0
2026-02-15 02:00:00+00:00,0.0,0
2026-02-15 03:00:00+00:00,0.0,0
2026-02-15 04:00:00+00:00,-76.09468750000015,1
2026-02-15 05:00:00+00:00,0.0,0
2026-02-15 06:00:00+00:00,0.0,0
2026-02-15 07:00:00+00:00,67.92980113636371,1
2026-02-15 08:00:00+00:00,0.0,0
2026-02-15 09:00:00+00:00,0.0,0
2026-02-15 10:00:00+00:00,78.4810738636365,1
2026-02-15 11:00:00+00:00,-69.95137499999984,1
2026-02-15 12:00:00+00:00,0.0,0
2026-02-15 13:00:00+00:00,0.0,0
2026-02-15 14:00:00+00:00,0.0,0
2026-02-15 15:00:00+00:00,-78.1564875000001,1
2026-02-15 16:00:00+00:00,0.0,0
2026-02-15 17:00:00+00:00,-130.0,1
2026-02-15 18:00:00+00:00,0.0,0
2026-02-15 19:00:00+00:00,149.8853096590908,2
2026-02-15 20:00:00+00:00,99.75247159090904,1
2026-02-15 21:00:00+00:00,0.0,0
2026-02-15 22:00:00+00:00,0.0,0
2026-02-15 23:00:00+00:00,0.0,0
2026-02-16 00:00:00+00:00,0.0,0
2026-02-16 01:00:00+00:00,0.0,0
2026-02-16 02:00:00+00:00,0.0,0
2026-02-16 03:00:00+00:00,0.0,0
2026-02-16 04:00:00+00:00,0.0,0
2026-02-16 05:00:00+00:00,0.0,0
2026-02-16 06:00:00+00:00,0.0,0
2026-02-16 07:00:00+00:00,0.0,0
2026-02-16 08:00:00+00:00,0.0,0
2026-02-16 09:00:00+00:00,0.0,0
2026-02-16 10:00:00+00:00,0.0,0
2026-02-16 11:00:00+00:00,0.0,0
2026-02-16 12:00:00+00:00,0.0,0
2026-02-16 13:00:00+00:00,0.0,0
2026-02-16 14:00:00+00:00,0.0,0
2026-02-16 15:00:00+00:00,0.0,0
2026-02-16 16:00:00+00:00,0.0,0
2026-02-16 17:00:00+00:00,0.0,0
2026-02-16 18:00:00+00:00,0.0,0
2026-02-16 19:00:00+00:00,0.0,0
2026-02-16 20:00:00+00:00,0.0,0
2026-02-16 21:00:00+00:00,0.0,0
2026-02-16 22:00:00+00:00,0.0,0
2026-02-16 23:00:00+00:00,-125.21713749999992,1
2026-02-17 00:00:00+00:00,0.0,0
2026-02-17 01:00:00+00:00,0.0,0
2026-02-17 02:00:00+00:00,0.0,0
2026-02-17 03:00:00+00:00,0.0,0
2026-02-17 04:00:00+00:00,0.0,0
2026-02-17 05:00:00+00:00,0.0,0
2026-02-17 06:00:00+00:00,0.0,0
2026-02-17 07:00:00+00:00,0.0,0
2026-02-17 08:00:00+00:00,0.0,0
2026-02-17 09:00:00+00:00,0.0,0
2026-02-17 10:00:00+00:00,0.0,0
2026-02-17 11:00:00+00:00,0.0,0
2026-02-17 12:00:00+00:00,0.0,0
2026-02-17 13:00:00+00:00,0.0,0
2026-02-17 14:00:00+00:00,0.0,0
2026-02-17 15:00:00+00:00,0.0,0
2026-02-17 16:00:00+00:00,0.0,0
2026-02-17 17:00:00+00:00,0.0,0
2026-02-17 18:00:00+00:00,0.0,0
2026-02-17 19:00:00+00:00,0.0,0
2026-02-17 20:00:00+00:00,0.0,0
2026-02-17 21:00:00+00:00,0.0,0
2026-02-17 22:00:00+00:00,0.0,0
2026-02-17 23:00:00+00:00,0.0,0
2026-02-18 00:00:00+00:00,0.0,0
2026-02-18 01:00:00+00:00,0.0,0
2026-02-18 02:00:00+00:00,0.0,0
2026-02-18 03:00:00+00:00,0.0,0
2026-02-18 04:00:00+00:00,0.0,0
2026-02-18 05:00:00+00:00,0.0,0
2026-02-18 06:00:00+00:00,0.0,0
2026-02-18 07:00:00+00:00,0.0,0
2026-02-18 08:00:00+00:00,0.0,0
2026-02-18 09:00:00+00:00,0.0,0
2026-02-18 10:00:00+00:00,0.0,0
2026-02-18 11:00:00+00:00,0.0,0
2026-02-18 12:00:00+00:00,0.0,0
2026-02-18 13:00:00+00:00,0.0,0
2026-02-18 14:00:00+00:00,0.0,0
2026-02-18 15:00:00+00:00,0.0,0
2026-02-18 16:00:00+00:00,0.0,0
2026-02-18 17:00:00+00:00,0.0,0
2026-02-18 18:00:00+00:00,0.0,0
2026-02-18 19:00:00+00:00,-83.32025000000002,1
2026-02-18 20:00:00+00:00,0.0,0
2026-02-18 21:00:00+00:00,0.0,0
2026-02-18 22:00:00+00:00,0.0,0
2026-02-18 23:00:00+00:00,0.0,0
2026-02-19 00:00:00+00:00,0.0,0
2026-02-19 01:00:00+00:00,0.0,0
2026-02-19 02:00:00+00:00,0.0,0
2026-02-19 03:00:00+00:00,0.0,0
2026-02-19 04:00:00+00:00,0.0,0
2026-02-19 05:00:00+00:00,0.0,0
2026-02-19 06:00:00+00:00,0.0,0
2026-02-19 07:00:00+00:00,0.0,0
2026-02-19 08:00:00+00:00,0.0,0
2026-02-19 09:00:00+00:00,0.0,0
2026-02-19 10:00:00+00:00,0.0,0
2026-02-19 11:00:00+00:00,0.0,0
2026-02-19 12:00:00+00:00,0.0,0
2026-02-19 13:00:00+00:00,0.0,0
2026-02-19 14:00:00+00:00,0.0,0
2026-02-19 15:00:00+00:00,0.0,0
2026-02-19 16:00:00+00:00,0.0,0
2026-02-19 17:00:00+00:00,0.0,0
2026-02-19 18:00:00+00:00,0.0,0
2026-02-19 19:00:00+00:00,0.0,0
2026-02-19 20:00:00+00:00,0.0,0
2026-02-19 21:00:00+00:00,0.0,0
2026-02-19 22:00:00+00:00,0.0,0
2026-02-19 23:00:00+00:00,0.0,0
2026-02-20 00:00:00+00:00,0.0,0
2026-02-20 01:00:00+00:00,0.0,0
2026-02-20 02:00:00+00:00,0.0,0
2026-02-20 03:00:00+00:00,0.0,0
2026-02-20 04:00:00+00:00,0.0,0
2026-02-20 05:00:00+00:00,0.0,0
2026-02-20 06:00:00+00:00,0.0,0
2026-02-20 07:00:00+00:00,0.0,0
2026-02-20 08:00:00+00:00,0.0,0
2026-02-20 09:00:00+00:00,0.0,0
2026-02-20 10:00:00+00:00,0.0,0
2026-02-20 11:00:00+00:00,0.0,0
2026-02-20 12:00:00+00:00,0.0,0
2026-02-20 13:00:00+00:00,0.0,0
2026-02-20 14:00:00+00:00,0.0,0
2026-02-20 15:00:00+00:00,0.0,0
2026-02-20 16:00:00+00:00,0.0,0
2026-02-20 17:00:00+00:00,0.0,0
2026-02-20 18:00:00+00:00,0.0,0
2026-02-20 19:00:00+00:00,0.0,0
2026-02-20 20:00:00+00:00,0.0,0
2026-02-20 21:00:00+00:00,0.0,0
2026-02-20 22:00:00+00:00,0.0,0
2026-02-20 23:00:00+00:00,72.64038068181864,1
2026-02-21 00:00:00+00:00,0.0,0
2026-02-21 01:00:00+00:00,0.0,0
2026-02-21 02:00:00+00:00,0.0,0
2026-02-21 03:00:00+00:00,0.0,0
2026-02-21 04:00:00+00:00,0.0,0
2026-02-21 05:00:00+00:00,0.0,0
2026-02-21 06:00:00+00:00,0.0,0
2026-02-21 07:00:00+00:00,0.0,0
2026-02-21 08:00:00+00:00,0.0,0
2026-02-21 09:00:00+00:00,0.0,0
2026-02-21 10:00:00+00:00,0.0,0
2026-02-21 11:00:00+00:00,0.0,0
2026-02-21 12:00:00+00:00,0.0,0
2026-02-21 13:00:00+00:00,-71.83848749999972,1
2026-02-21 14:00:00+00:00,0.0,0
2026-02-21 15:00:00+00:00,0.0,0
2026-02-21 16:00:00+00:00,-81.18825000000004,1
2026-02-21 17:00:00+00:00,0.0,0
2026-02-21 18:00:00+00:00,0.0,0
2026-02-21 19:00:00+00:00,0.0,0
2026-02-21 20:00:00+00:00,0.0,0
2026-02-21 21:00:00+00:00,0.0,0
2026-02-21 22:00:00+00:00,0.0,0
2026-02-21 23:00:00+00:00,0.0,0
2026-02-22 00:00:00+00:00,0.0,0
2026-02-22 01:00:00+00:00,0.0,0
2026-02-22 02:00:00+00:00,0.0,0
2026-02-22 03:00:00+00:00,0.0,0
2026-02-22 04:00:00+00:00,0.0,0
2026-02-22 05:00:00+00:00,0.0,0
2026-02-22 06:00:00+00:00,0.0,0
2026-02-22 07:00:00+00:00,0.0,0
2026-02-22 08:00:00+00:00,0.0,0
2026-02-22 09:00:00+00:00,0.0,0
2026-02-22 10:00:00+00:00,0.0,0
2026-02-22 11:00:00+00:00,0.0,0
2026-02-22 12:00:00+00:00,0.0,0
2026-02-22 13:00:00+00:00,0.0,0
2026-02-22 14:00:00+00:00,0.0,0
2026-02-22 15:00:00+00:00,0.0,0
2026-02-22 16:00:00+00:00,0.0,0
2026-02-22 17:00:00+00:00,0.0,0
2026-02-22 18:00:00+00:00,0.0,0
2026-02-22 19:00:00+00:00,-76.8511249999998,1
2026-02-22 20:00:00+00:00,61.10989772727263,1
2026-02-22 21:00:00+00:00,0.0,0
2026-02-22 22:00:00+00:00,0.0,0
2026-02-22 23:00:00+00:00,0.0,0
2026-02-23 00:00:00+00:00,0.0,0
2026-02-23 01:00:00+00:00,0.0,0
2026-02-23 02:00:00+00:00,0.0,0
2026-02-23 03:00:00+00:00,0.0,0
2026-02-23 04:00:00+00:00,0.0,0
2026-02-23 05:00:00+00:00,0.0,0
2026-02-23 06:00:00+00:00,0.0,0
2026-02-23 07:00:00+00:00,0.0,0
2026-02-23 08:00:00+00:00,0.0,0
2026-02-23 09:00:00+00:00,0.0,0
2026-02-23 10:00:00+00:00,0.0,0
2026-02-23 11:00:00+00:00,0.0,0
2026-02-23 12:00:00+00:00,0.0,0
2026-02-23 13:00:00+00:00,0.0,0
2026-02-23 14:00:00+00:00,0.0,0
2026-02-23 15:00:00+00:00,0.0,0
2026-02-23 16:00:00+00:00,0.0,0
2026-02-23 17:00:00+00:00,0.0,0
2026-02-23 18:00:00+00:00,0.0,0
2026-02-23 19:00:00+00:00,0.0,0
2026-02-23 20:00:00+00:00,0.0,0
2026-02-23 21:00:00+00:00,0.0,0
2026-02-23 22:00:00+00:00,0.0,0
2026-02-23 23:00:00+00:00,0.0,0
2026-02-24 00:00:00+00:00,0.0,0
2026-02-24 01:00:00+00:00,0.0,0
2026-02-24 02:00:00+00:00,0.0,0
2026-02-24 03:00:00+00:00,0.0,0
2026-02-24 04:00:00+00:00,0.0,0
2026-02-24 05:00:00+00:00,0.0,0
2026-02-24 06:00:00+00:00,0.0,0
2026-02-24 07:00:00+00:00,0.0,0
2026-02-24 08:00:00+00:00,0.0,0
2026-02-24 09:00:00+00:00,0.0,0
2026-02-24 10:00:00+00:00,0.0,0
2026-02-24 11:00:00+00:00,0.0,0
2026-02-24 12:00:00+00:00,0.0,0
2026-02-24 13:00:00+00:00,0.0,0
2026-02-24 14:00:00+00:00,0.0,0
2026-02-24 15:00:00+00:00,0.0,0
2026-02-24 16:00:00+00:00,0.0,0
2026-02-24 17:00:00+00:00,0.0,0
2026-02-24 18:00:00+00:00,0.0,0
2026-02-24 19:00:00+00:00,0.0,0
2026-02-24 20:00:00+00:00,0.0,0
2026-02-24 21:00:00+00:00,0.0,0
2026-02-24 22:00:00+00:00,0.0,0
2026-02-24 23:00:00+00:00,0.0,0
2026-02-25 00:00:00+00:00,0.0,0
2026-02-25 01:00:00+00:00,0.0,0
2026-02-25 02:00:00+00:00,0.0,0
2026-02-25 03:00:00+00:00,0.0,0
2026-02-25 04:00:00+00:00,0.0,0
2026-02-25 05:00:00+00:00,0.0,0
2026-02-25 06:00:00+00:00,0.0,0
2026-02-25 07:00:00+00:00,0.0,0
2026-02-25 08:00:00+00:00,0.0,0
2026-02-25 09:00:00+00:00,0.0,0
2026-02-25 10:00:00+00:00,0.0,0
2026-02-25 11:00:00+00:00,0.0,0
2026-02-25 12:00:00+00:00,0.0,0
2026-02-25 13:00:00+00:00,0.0,0
2026-02-25 14:00:00+00:00,0.0,0
2026-02-25 15:00:00+00:00,0.0,0
2026-02-25 16:00:00+00:00,0.0,0
2026-02-25 17:00:00+00:00,0.0,0
2026-02-25 18:00:00+00:00,0.0,0
2026-02-25 19:00:00+00:00,0.0,0
2026-02-25 20:00:00+00:00,0.0,0
2026-02-25 21:00:00+00:00,0.0,0
2026-02-25 22:00:00+00:00,0.0,0
2026-02-25 23:00:00+00:00,89.63396590909107,1
2026-02-26 00:00:00+00:00,0.0,0
2026-02-26 01:00:00+00:00,0.0,0
2026-02-26 02:00:00+00:00,0.0,0
2026-02-26 03:00:00+00:00,0.0,0
2026-02-26 04:00:00+00:00,0.0,0
2026-02-26 05:00:00+00:00,0.0,0
2026-02-26 06:00:00+00:00,0.0,0
2026-02-26 07:00:00+00:00,0.0,0
2026-02-26 08:00:00+00:00,0.0,0
2026-02-26 09:00:00+00:00,0.0,0
2026-02-26 10:00:00+00:00,0.0,0
2026-02-26 11:00:00+00:00,0.0,0
2026-02-26 12:00:00+00:00,0.0,0
2026-02-26 13:00:00+00:00,0.0,0
2026-02-26 14:00:00+00:00,0.0,0
2026-02-26 15:00:00+00:00,0.0,0
2026-02-26 16:00:00+00:00,-15.40632954545334,2
2026-02-26 17:00:00+00:00,0.0,0
2026-02-26 18:00:00+00:00,0.0,0
2026-02-26 19:00:00+00:00,0.0,0
2026-02-26 20:00:00+00:00,0.0,0
2026-02-26 21:00:00+00:00,0.0,0
2026-02-26 22:00:00+00:00,0.0,0
2026-02-26 23:00:00+00:00,0.0,0
2026-02-27 00:00:00+00:00,0.0,0
2026-02-27 01:00:00+00:00,0.0,0
2026-02-27 02:00:00+00:00,0.0,0
2026-02-27 03:00:00+00:00,0.0,0
2026-02-27 04:00:00+00:00,0.0,0
2026-02-27 05:00:00+00:00,0.0,0
2026-02-27 06:00:00+00:00,0.0,0
2026-02-27 07:00:00+00:00,0.0,0
2026-02-27 08:00:00+00:00,0.0,0
2026-02-27 09:00:00+00:00,0.0,0
2026-02-27 10:00:00+00:00,0.0,0
2026-02-27 11:00:00+00:00,0.0,0
2026-02-27 12:00:00+00:00,0.0,0
2026-02-27 13:00:00+00:00,0.0,0
2026-02-27 14:00:00+00:00,0.0,0
2026-02-27 15:00:00+00:00,0.0,0
2026-02-27 16:00:00+00:00,75.5432437499999,1
2026-02-27 17:00:00+00:00,-79.07518124999957,1
2026-02-27 18:00:00+00:00,0.0,0
2026-02-27 19:00:00+00:00,0.0,0
2026-02-27 20:00:00+00:00,0.0,0
2026-02-27 21:00:00+00:00,0.0,0
2026-02-27 22:00:00+00:00,0.0,0
2026-02-27 23:00:00+00:00,0.0,0
2026-02-28 00:00:00+00:00,0.0,0
2026-02-28 01:00:00+00:00,0.0,0
2026-02-28 02:00:00+00:00,0.0,0
2026-02-28 03:00:00+00:00,0.0,0
2026-02-28 04:00:00+00:00,0.0,0
2026-02-28 05:00:00+00:00,0.0,0
2026-02-28 06:00:00+00:00,0.0,0
2026-02-28 07:00:00+00:00,0.0,0
2026-02-28 08:00:00+00:00,0.0,0
2026-02-28 09:00:00+00:00,0.0,0
2026-02-28 10:00:00+00:00,0.0,0
2026-02-28 11:00:00+00:00,0.0,0
2026-02-28 12:00:00+00:00,0.0,0
2026-02-28 13:00:00+00:00,0.0,0
2026-02-28 14:00:00+00:00,0.0,0
2026-02-28 15:00:00+00:00,0.0,0
2026-02-28 16:00:00+00:00,0.0,0
2026-02-28 17:00:00+00:00,0.0,0
2026-02-28 18:00:00+00:00,0.0,0
2026-02-28 19:00:00+00:00,-67.86195000000004,1
2026-02-28 20:00:00+00:00,77.10519374999996,1
2026-02-28 21:00:00+00:00,0.0,0
2026-02-28 22:00:00+00:00,0.0,0
2026-02-28 23:00:00+00:00,-19.27456818181857,2
2026-03-01 00:00:00+00:00,0.0,0
2026-03-01 01:00:00+00:00,0.0,0
2026-03-01 02:00:00+00:00,0.0,0
2026-03-01 03:00:00+00:00,0.0,0
2026-03-01 04:00:00+00:00,0.0,0
2026-03-01 05:00:00+00:00,0.0,0
2026-03-01 06:00:00+00:00,0.0,0
2026-03-01 07:00:00+00:00,0.0,0
2026-03-01 08:00:00+00:00,-88.4227499999997,1
2026-03-01 09:00:00+00:00,0.0,0
2026-03-01 10:00:00+00:00,0.0,0
2026-03-01 11:00:00+00:00,0.0,0
2026-03-01 12:00:00+00:00,0.0,0
2026-03-01 13:00:00+00:00,0.0,0
2026-03-01 14:00:00+00:00,0.0,0
2026-03-01 15:00:00+00:00,0.0,0
2026-03-01 16:00:00+00:00,0.0,0
2026-03-01 17:00:00+00:00,0.0,0
2026-03-01 18:00:00+00:00,0.0,0
2026-03-01 19:00:00+00:00,-80.29368750000002,1
2026-03-01 20:00:00+00:00,106.36363636363636,1
2026-03-01 21:00:00+00:00,0.0,0
2026-03-01 22:00:00+00:00,0.0,0
2026-03-01 23:00:00+00:00,0.0,0
2026-03-02 00:00:00+00:00,0.0,0
2026-03-02 01:00:00+00:00,0.0,0
2026-03-02 02:00:00+00:00,0.0,0
2026-03-02 03:00:00+00:00,0.0,0
2026-03-02 04:00:00+00:00,0.0,0
2026-03-02 05:00:00+00:00,0.0,0
2026-03-02 06:00:00+00:00,0.0,0
2026-03-02 07:00:00+00:00,0.0,0
2026-03-02 08:00:00+00:00,0.0,0
2026-03-02 09:00:00+00:00,0.0,0
2026-03-02 10:00:00+00:00,0.0,0
2026-03-02 11:00:00+00:00,0.0,0
2026-03-02 12:00:00+00:00,0.0,0
2026-03-02 13:00:00+00:00,0.0,0
2026-03-02 14:00:00+00:00,0.0,0
2026-03-02 15:00:00+00:00,0.0,0
2026-03-02 16:00:00+00:00,0.0,0
2026-03-02 17:00:00+00:00,0.0,0
2026-03-02 18:00:00+00:00,0.0,0
2026-03-02 19:00:00+00:00,0.0,0
2026-03-02 20:00:00+00:00,0.0,0
2026-03-02 21:00:00+00:00,0.0,0
2026-03-02 22:00:00+00:00,0.0,0
2026-03-02 23:00:00+00:00,58.35441477272654,1
2026-03-03 00:00:00+00:00,0.0,0
2026-03-03 01:00:00+00:00,0.0,0
2026-03-03 02:00:00+00:00,0.0,0
2026-03-03 03:00:00+00:00,0.0,0
2026-03-03 04:00:00+00:00,0.0,0
2026-03-03 05:00:00+00:00,0.0,0
2026-03-03 06:00:00+00:00,0.0,0
2026-03-03 07:00:00+00:00,0.0,0
2026-03-03 08:00:00+00:00,0.0,0
2026-03-03 09:00:00+00:00,0.0,0
2026-03-03 10:00:00+00:00,0.0,0
2026-03-03 11:00:00+00:00,0.0,0
2026-03-03 12:00:00+00:00,0.0,0
2026-03-03 13:00:00+00:00,0.0,0
2026-03-03 14:00:00+00:00,0.0,0
2026-03-03 15:00:00+00:00,0.0,0
2026-03-03 16:00:00+00:00,0.0,0
2026-03-03 17:00:00+00:00,0.0,0
2026-03-03 18:00:00+00:00,0.0,0
2026-03-03 19:00:00+00:00,0.0,0
2026-03-03 20:00:00+00:00,0.0,0
2026-03-03 21:00:00+00:00,0.0,0
2026-03-03 22:00:00+00:00,0.0,0
2026-03-03 23:00:00+00:00,0.0,0
2026-03-04 00:00:00+00:00,0.0,0
2026-03-04 01:00:00+00:00,0.0,0
2026-03-04 02:00:00+00:00,0.0,0
2026-03-04 03:00:00+00:00,0.0,0
2026-03-04 04:00:00+00:00,0.0,0
2026-03-04 05:00:00+00:00,0.0,0
2026-03-04 06:00:00+00:00,0.0,0
2026-03-04 07:00:00+00:00,0.0,0
2026-03-04 08:00:00+00:00,0.0,0
2026-03-04 09:00:00+00:00,0.0,0
2026-03-04 10:00:00+00:00,0.0,0
2026-03-04 11:00:00+00:00,0.0,0
2026-03-04 12:00:00+00:00,0.0,0
2026-03-04 13:00:00+00:00,0.0,0
2026-03-04 14:00:00+00:00,0.0,0
2026-03-04 15:00:00+00:00,0.0,0
2026-03-04 16:00:00+00:00,0.0,0
2026-03-04 17:00:00+00:00,0.0,0
2026-03-04 18:00:00+00:00,0.0,0
2026-03-04 19:00:00+00:00,0.0,0
2026-03-04 20:00:00+00:00,0.0,0
2026-03-04 21:00:00+00:00,0.0,0
2026-03-04 22:00:00+00:00,0.0,0
2026-03-04 23:00:00+00:00,106.36363636363636,1
2026-03-05 00:00:00+00:00,0.0,0
2026-03-05 01:00:00+00:00,0.0,0
2026-03-05 02:00:00+00:00,0.0,0
2026-03-05 03:00:00+00:00,0.0,0
2026-03-05 04:00:00+00:00,0.0,0
2026-03-05 05:00:00+00:00,0.0,0
2026-03-05 06:00:00+00:00,0.0,0
2026-03-05 07:00:00+00:00,79.43967613636329,1
2026-03-05 08:00:00+00:00,0.0,0
2026-03-05 09:00:00+00:00,0.0,0
2026-03-05 10:00:00+00:00,0.0,0
2026-03-05 11:00:00+00:00,0.0,0
2026-03-05 12:00:00+00:00,0.0,0
2026-03-05 13:00:00+00:00,0.0,0
2026-03-05 14:00:00+00:00,0.0,0
2026-03-05 15:00:00+00:00,0.0,0
2026-03-05 16:00:00+00:00,0.0,0
2026-03-05 17:00:00+00:00,0.0,0
2026-03-05 18:00:00+00:00,0.0,0
2026-03-05 19:00:00+00:00,106.36363636363636,1
2026-03-05 20:00:00+00:00,-130.0,1
2026-03-05 21:00:00+00:00,0.0,0
2026-03-05 22:00:00+00:00,0.0,0
2026-03-05 23:00:00+00:00,0.0,0
2026-03-06 00:00:00+00:00,0.0,0
2026-03-06 01:00:00+00:00,0.0,0
2026-03-06 02:00:00+00:00,0.0,0
2026-03-06 03:00:00+00:00,0.0,0
2026-03-06 04:00:00+00:00,-68.9278687499996,1
2026-03-06 05:00:00+00:00,0.0,0
2026-03-06 06:00:00+00:00,0.0,0
2026-03-06 07:00:00+00:00,0.0,0
2026-03-06 08:00:00+00:00,0.0,0
2026-03-06 09:00:00+00:00,0.0,0
2026-03-06 10:00:00+00:00,0.0,0
2026-03-06 11:00:00+00:00,0.0,0
2026-03-06 12:00:00+00:00,0.0,0
2026-03-06 13:00:00+00:00,0.0,0
2026-03-06 14:00:00+00:00,0.0,0
2026-03-06 15:00:00+00:00,0.0,0
2026-03-06 16:00:00+00:00,0.0,0
2026-03-06 17:00:00+00:00,0.0,0
2026-03-06 18:00:00+00:00,0.0,0
2026-03-06 19:00:00+00:00,-130.0,1
2026-03-06 20:00:00+00:00,54.8942727272725,1
2026-03-06 21:00:00+00:00,0.0,0
2026-03-06 22:00:00+00:00,0.0,0
2026-03-06 23:00:00+00:00,0.0,0
2026-03-07 00:00:00+00:00,0.0,0
2026-03-07 01:00:00+00:00,0.0,0
2026-03-07 02:00:00+00:00,0.0,0
2026-03-07 03:00:00+00:00,0.0,0
2026-03-07 04:00:00+00:00,0.0,0
2026-03-07 05:00:00+00:00,0.0,0
2026-03-07 06:00:00+00:00,0.0,0
2026-03-07 07:00:00+00:00,0.0,0
2026-03-07 08:00:00+00:00,0.0,0
2026-03-07 09:00:00+00:00,0.0,0
2026-03-07 10:00:00+00:00,0.0,0
2026-03-07 11:00:00+00:00,0.0,0
2026-03-07 12:00:00+00:00,0.0,0
2026-03-07 13:00:00+00:00,0.0,0
2026-03-07 14:00:00+00:00,0.0,0
2026-03-07 15:00:00+00:00,0.0,0
2026-03-07 16:00:00+00:00,56.56750568181773,1
2026-03-07 17:00:00+00:00,0.0,0
2026-03-07 18:00:00+00:00,0.0,0
2026-03-07 19:00:00+00:00,106.36363636363636,1
2026-03-07 20:00:00+00:00,0.0,0
2026-03-07 21:00:00+00:00,0.0,0
2026-03-07 22:00:00+00:00,0.0,0
2026-03-07 23:00:00+00:00,0.0,0
2026-03-08 00:00:00+00:00,62.07049431818167,1
2026-03-08 01:00:00+00:00,0.0,0
2026-03-08 02:00:00+00:00,0.0,0
2026-03-08 03:00:00+00:00,0.0,0
2026-03-08 04:00:00+00:00,90.91431818181752,1
2026-03-08 05:00:00+00:00,0.0,0
2026-03-08 06:00:00+00:00,0.0,0
2026-03-08 07:00:00+00:00,0.0,0
2026-03-08 08:00:00+00:00,-93.34690624999988,1
2026-03-08 09:00:00+00:00,0.0,0
2026-03-08 10:00:00+00:00,0.0,0
2026-03-08 11:00:00+00:00,0.0,0
2026-03-08 12:00:00+00:00,0.0,0
2026-03-08 13:00:00+00:00,0.0,0
2026-03-08 14:00:00+00:00,0.0,0
2026-03-08 15:00:00+00:00,-107.68143750000009,1
2026-03-08 16:00:00+00:00,106.36363636363636,1
2026-03-08 17:00:00+00:00,0.0,0
2026-03-08 18:00:00+00:00,0.0,0
2026-03-08 19:00:00+00:00,0.0,0
2026-03-08 20:00:00+00:00,0.0,0
2026-03-08 21:00:00+00:00,0.0,0
2026-03-08 22:00:00+00:00,0.0,0
2026-03-08 23:00:00+00:00,106.36363636363636,1
2026-03-09 00:00:00+00:00,0.0,0
2026-03-09 01:00:00+00:00,0.0,0
2026-03-09 02:00:00+00:00,0.0,0
2026-03-09 03:00:00+00:00,0.0,0
2026-03-09 04:00:00+00:00,0.0,0
2026-03-09 05:00:00+00:00,0.0,0
2026-03-09 06:00:00+00:00,0.0,0
2026-03-09 07:00:00+00:00,0.0,0
2026-03-09 08:00:00+00:00,0.0,0
2026-03-09 09:00:00+00:00,0.0,0
2026-03-09 10:00:00+00:00,0.0,0
2026-03-09 11:00:00+00:00,0.0,0
2026-03-09 12:00:00+00:00,0.0,0
2026-03-09 13:00:00+00:00,0.0,0
2026-03-09 14:00:00+00:00,0.0,0
2026-03-09 15:00:00+00:00,0.0,0
2026-03-09 16:00:00+00:00,0.0,0
2026-03-09 17:00:00+00:00,0.0,0
2026-03-09 18:00:00+00:00,0.0,0
2026-03-09 19:00:00+00:00,0.0,0
2026-03-09 20:00:00+00:00,0.0,0
2026-03-09 21:00:00+00:00,0.0,0
2026-03-09 22:00:00+00:00,0.0,0
2026-03-09 23:00:00+00:00,0.0,0
2026-03-10 00:00:00+00:00,0.0,0
2026-03-10 01:00:00+00:00,0.0,0
2026-03-10 02:00:00+00:00,0.0,0
2026-03-10 03:00:00+00:00,0.0,0
2026-03-10 04:00:00+00:00,0.0,0
2026-03-10 05:00:00+00:00,0.0,0
2026-03-10 06:00:00+00:00,0.0,0
2026-03-10 07:00:00+00:00,0.0,0
2026-03-10 08:00:00+00:00,0.0,0
2026-03-10 09:00:00+00:00,0.0,0
2026-03-10 10:00:00+00:00,0.0,0
2026-03-10 11:00:00+00:00,0.0,0
2026-03-10 12:00:00+00:00,0.0,0
2026-03-10 13:00:00+00:00,0.0,0
2026-03-10 14:00:00+00:00,0.0,0
2026-03-10 15:00:00+00:00,0.0,0
2026-03-10 16:00:00+00:00,0.0,0
2026-03-10 17:00:00+00:00,0.0,0
2026-03-10 18:00:00+00:00,0.0,0
2026-03-10 19:00:00+00:00,70.70655681818165,1
2026-03-10 20:00:00+00:00,0.0,0
2026-03-10 21:00:00+00:00,0.0,0
2026-03-10 22:00:00+00:00,0.0,0
2026-03-10 23:00:00+00:00,0.0,0
2026-03-11 00:00:00+00:00,0.0,0
2026-03-11 01:00:00+00:00,0.0,0
2026-03-11 02:00:00+00:00,0.0,0
2026-03-11 03:00:00+00:00,0.0,0
2026-03-11 04:00:00+00:00,0.0,0
2026-03-11 05:00:00+00:00,0.0,0
2026-03-11 06:00:00+00:00,0.0,0
2026-03-11 07:00:00+00:00,0.0,0
2026-03-11 08:00:00+00:00,-130.0,1
2026-03-11 09:00:00+00:00,0.0,0
2026-03-11 10:00:00+00:00,0.0,0
2026-03-11 11:00:00+00:00,75.62361477272731,1
2026-03-11 12:00:00+00:00,0.0,0
2026-03-11 13:00:00+00:00,0.0,0
2026-03-11 14:00:00+00:00,0.0,0
2026-03-11 15:00:00+00:00,0.0,0
2026-03-11 16:00:00+00:00,0.0,0
2026-03-11 17:00:00+00:00,0.0,0
2026-03-11 18:00:00+00:00,0.0,0
2026-03-11 19:00:00+00:00,0.0,0
2026-03-11 20:00:00+00:00,0.0,0
2026-03-11 21:00:00+00:00,0.0,0
2026-03-11 22:00:00+00:00,0.0,0
2026-03-11 23:00:00+00:00,0.0,0
2026-03-12 00:00:00+00:00,0.0,0
2026-03-12 01:00:00+00:00,-70.11387500000002,1
2026-03-12 02:00:00+00:00,85.9606312499996,1
2026-03-12 03:00:00+00:00,0.0,0
2026-03-12 04:00:00+00:00,106.36363636363636,1
2026-03-12 05:00:00+00:00,0.0,0
2026-03-12 06:00:00+00:00,0.0,0
2026-03-12 07:00:00+00:00,0.0,0
2026-03-12 08:00:00+00:00,0.0,0
2026-03-12 09:00:00+00:00,0.0,0
2026-03-12 10:00:00+00:00,0.0,0
2026-03-12 11:00:00+00:00,0.0,0
2026-03-12 12:00:00+00:00,0.0,0
2026-03-12 13:00:00+00:00,0.0,0
2026-03-12 14:00:00+00:00,0.0,0
2026-03-12 15:00:00+00:00,0.0,0
2026-03-12 16:00:00+00:00,0.0,0
2026-03-12 17:00:00+00:00,0.0,0
2026-03-12 18:00:00+00:00,0.0,0
2026-03-12 19:00:00+00:00,0.0,0
2026-03-12 20:00:00+00:00,0.0,0
2026-03-12 21:00:00+00:00,0.0,0
2026-03-12 22:00:00+00:00,0.0,0
2026-03-12 23:00:00+00:00,-88.7829312500009,1
2026-03-13 00:00:00+00:00,0.0,0
2026-03-13 01:00:00+00:00,0.0,0
2026-03-13 02:00:00+00:00,56.52894886363629,1
2026-03-13 03:00:00+00:00,0.0,0
2026-03-13 04:00:00+00:00,0.0,0
2026-03-13 05:00:00+00:00,0.0,0
2026-03-13 06:00:00+00:00,0.0,0
2026-03-13 07:00:00+00:00,0.0,0
2026-03-13 08:00:00+00:00,0.0,0
2026-03-13 09:00:00+00:00,0.0,0
2026-03-13 10:00:00+00:00,0.0,0
2026-03-13 11:00:00+00:00,0.0,0
2026-03-13 12:00:00+00:00,0.0,0
2026-03-13 13:00:00+00:00,0.0,0
2026-03-13 14:00:00+00:00,0.0,0
2026-03-13 15:00:00+00:00,0.0,0
2026-03-13 16:00:00+00:00,0.0,0
2026-03-13 17:00:00+00:00,0.0,0
2026-03-13 18:00:00+00:00,0.0,0
2026-03-13 19:00:00+00:00,0.0,0
2026-03-13 20:00:00+00:00,0.0,0
2026-03-13 21:00:00+00:00,0.0,0
2026-03-13 22:00:00+00:00,0.0,0
2026-03-13 23:00:00+00:00,0.0,0
2026-03-14 00:00:00+00:00,106.36363636363636,1
2026-03-14 01:00:00+00:00,0.0,0
2026-03-14 02:00:00+00:00,57.37008579545419,1
2026-03-14 03:00:00+00:00,0.0,0
2026-03-14 04:00:00+00:00,0.0,0
2026-03-14 05:00:00+00:00,0.0,0
2026-03-14 06:00:00+00:00,0.0,0
2026-03-14 07:00:00+00:00,-130.0,1
2026-03-14 08:00:00+00:00,-130.0,1
2026-03-14 09:00:00+00:00,0.0,0
2026-03-14 10:00:00+00:00,0.0,0
2026-03-14 11:00:00+00:00,0.0,0
2026-03-14 12:00:00+00:00,0.0,0
2026-03-14 13:00:00+00:00,0.0,0
2026-03-14 14:00:00+00:00,0.0,0
2026-03-14 15:00:00+00:00,0.0,0
2026-03-14 16:00:00+00:00,0.0,0
2026-03-14 17:00:00+00:00,86.84192045454503,1
2026-03-14 18:00:00+00:00,0.0,0
2026-03-14 19:00:00+00:00,0.0,0
2026-03-14 20:00:00+00:00,0.0,0
2026-03-14 21:00:00+00:00,0.0,0
2026-03-14 22:00:00+00:00,0.0,0
2026-03-14 23:00:00+00:00,176.14795397727275,2
2026-03-15 00:00:00+00:00,0.0,0
2026-03-15 01:00:00+00:00,0.0,0
2026-03-15 02:00:00+00:00,106.19777556818168,1
2026-03-15 03:00:00+00:00,0.0,0
2026-03-15 04:00:00+00:00,106.36363636363636,1
2026-03-15 05:00:00+00:00,0.0,0
2026-03-15 06:00:00+00:00,0.0,0
2026-03-15 07:00:00+00:00,0.0,0
2026-03-15 08:00:00+00:00,0.0,0
2026-03-15 09:00:00+00:00,0.0,0
2026-03-15 10:00:00+00:00,-120.3296249999998,1
2026-03-15 11:00:00+00:00,106.36363636363636,1
2026-03-15 12:00:00+00:00,0.0,0
2026-03-15 13:00:00+00:00,0.0,0
2026-03-15 14:00:00+00:00,0.0,0
2026-03-15 15:00:00+00:00,0.0,0
2026-03-15 16:00:00+00:00,0.0,0
2026-03-15 17:00:00+00:00,0.0,0
2026-03-15 18:00:00+00:00,0.0,0
2026-03-15 19:00:00+00:00,0.0,0
2026-03-15 20:00:00+00:00,0.0,0
2026-03-15 21:00:00+00:00,0.0,0
2026-03-15 22:00:00+00:00,0.0,0
2026-03-15 23:00:00+00:00,0.0,0
2026-03-16 00:00:00+00:00,0.0,0
2026-03-16 01:00:00+00:00,56.66895000000002,1
2026-03-16 02:00:00+00:00,0.0,0
2026-03-16 03:00:00+00:00,0.0,0
2026-03-16 04:00:00+00:00,0.0,0
2026-03-16 05:00:00+00:00,0.0,0
2026-03-16 06:00:00+00:00,0.0,0
2026-03-16 07:00:00+00:00,0.0,0
2026-03-16 08:00:00+00:00,0.0,0
2026-03-16 09:00:00+00:00,0.0,0
2026-03-16 10:00:00+00:00,0.0,0
2026-03-16 11:00:00+00:00,0.0,0
2026-03-16 12:00:00+00:00,0.0,0
2026-03-16 13:00:00+00:00,0.0,0
2026-03-16 14:00:00+00:00,0.0,0
2026-03-16 15:00:00+00:00,0.0,0
2026-03-16 16:00:00+00:00,0.0,0
2026-03-16 17:00:00+00:00,0.0,0
2026-03-16 18:00:00+00:00,0.0,0
2026-03-16 19:00:00+00:00,0.0,0
2026-03-16 20:00:00+00:00,0.0,0
2026-03-16 21:00:00+00:00,0.0,0
2026-03-16 22:00:00+00:00,0.0,0
2026-03-16 23:00:00+00:00,-162.97368750000055,2
2026-03-17 00:00:00+00:00,0.0,0
2026-03-17 01:00:00+00:00,0.0,0
2026-03-17 02:00:00+00:00,0.0,0
2026-03-17 03:00:00+00:00,0.0,0
2026-03-17 04:00:00+00:00,0.0,0
2026-03-17 05:00:00+00:00,0.0,0
2026-03-17 06:00:00+00:00,0.0,0
2026-03-17 07:00:00+00:00,0.0,0
2026-03-17 08:00:00+00:00,0.0,0
2026-03-17 09:00:00+00:00,0.0,0
2026-03-17 10:00:00+00:00,0.0,0
2026-03-17 11:00:00+00:00,0.0,0
2026-03-17 12:00:00+00:00,0.0,0
2026-03-17 13:00:00+00:00,0.0,0
2026-03-17 14:00:00+00:00,0.0,0
2026-03-17 15:00:00+00:00,0.0,0
2026-03-17 16:00:00+00:00,0.0,0
2026-03-17 17:00:00+00:00,0.0,0
2026-03-17 18:00:00+00:00,0.0,0
2026-03-17 19:00:00+00:00,0.0,0
2026-03-17 20:00:00+00:00,0.0,0
2026-03-17 21:00:00+00:00,0.0,0
2026-03-17 22:00:00+00:00,0.0,0
2026-03-17 23:00:00+00:00,67.5619159090905,1
2026-03-18 00:00:00+00:00,0.0,0
2026-03-18 01:00:00+00:00,0.0,0
2026-03-18 02:00:00+00:00,0.0,0
2026-03-18 03:00:00+00:00,0.0,0
2026-03-18 04:00:00+00:00,0.0,0
2026-03-18 05:00:00+00:00,0.0,0
2026-03-18 06:00:00+00:00,0.0,0
2026-03-18 07:00:00+00:00,0.0,0
2026-03-18 08:00:00+00:00,0.0,0
2026-03-18 09:00:00+00:00,0.0,0
2026-03-18 10:00:00+00:00,0.0,0
2026-03-18 11:00:00+00:00,0.0,0
2026-03-18 12:00:00+00:00,0.0,0
2026-03-18 13:00:00+00:00,0.0,0
2026-03-18 14:00:00+00:00,0.0,0
2026-03-18 15:00:00+00:00,0.0,0
2026-03-18 16:00:00+00:00,0.0,0
2026-03-18 17:00:00+00:00,0.0,0
2026-03-18 18:00:00+00:00,0.0,0
2026-03-18 19:00:00+00:00,84.7472215909086,1
2026-03-18 20:00:00+00:00,0.0,0
2026-03-18 21:00:00+00:00,0.0,0
2026-03-18 22:00:00+00:00,0.0,0
2026-03-18 23:00:00+00:00,0.0,0
2026-03-19 00:00:00+00:00,0.0,0
2026-03-19 01:00:00+00:00,0.0,0
2026-03-19 02:00:00+00:00,0.0,0
2026-03-19 03:00:00+00:00,0.0,0
2026-03-19 04:00:00+00:00,0.0,0
2026-03-19 05:00:00+00:00,0.0,0
2026-03-19 06:00:00+00:00,0.0,0
2026-03-19 07:00:00+00:00,0.0,0
2026-03-19 08:00:00+00:00,0.0,0
2026-03-19 09:00:00+00:00,0.0,0
2026-03-19 10:00:00+00:00,0.0,0
2026-03-19 11:00:00+00:00,0.0,0
2026-03-19 12:00:00+00:00,0.0,0
2026-03-19 13:00:00+00:00,0.0,0
2026-03-19 14:00:00+00:00,0.0,0
2026-03-19 15:00:00+00:00,0.0,0
2026-03-19 16:00:00+00:00,0.0,0
2026-03-19 17:00:00+00:00,0.0,0
2026-03-19 18:00:00+00:00,0.0,0
2026-03-19 19:00:00+00:00,0.0,0
2026-03-19 20:00:00+00:00,0.0,0
2026-03-19 21:00:00+00:00,0.0,0
2026-03-19 22:00:00+00:00,0.0,0
2026-03-19 23:00:00+00:00,0.0,0
2026-03-20 00:00:00+00:00,0.0,0
2026-03-20 01:00:00+00:00,0.0,0
2026-03-20 02:00:00+00:00,0.0,0
2026-03-20 03:00:00+00:00,0.0,0
2026-03-20 04:00:00+00:00,0.0,0
2026-03-20 05:00:00+00:00,0.0,0
2026-03-20 06:00:00+00:00,0.0,0
2026-03-20 07:00:00+00:00,0.0,0
2026-03-20 08:00:00+00:00,0.0,0
2026-03-20 09:00:00+00:00,0.0,0
2026-03-20 10:00:00+00:00,0.0,0
2026-03-20 11:00:00+00:00,0.0,0
2026-03-20 12:00:00+00:00,0.0,0
2026-03-20 13:00:00+00:00,0.0,0
2026-03-20 14:00:00+00:00,0.0,0
2026-03-20 15:00:00+00:00,0.0,0
2026-03-20 16:00:00+00:00,0.0,0
2026-03-20 17:00:00+00:00,0.0,0
2026-03-20 18:00:00+00:00,0.0,0
2026-03-20 19:00:00+00:00,0.0,0
2026-03-20 20:00:00+00:00,0.0,0
2026-03-20 21:00:00+00:00,0.0,0
2026-03-20 22:00:00+00:00,0.0,0
2026-03-20 23:00:00+00:00,0.0,0
2026-03-21 00:00:00+00:00,0.0,0
2026-03-21 01:00:00+00:00,0.0,0
2026-03-21 02:00:00+00:00,162.39267613636318,2
2026-03-21 03:00:00+00:00,0.0,0
2026-03-21 04:00:00+00:00,0.0,0
2026-03-21 05:00:00+00:00,0.0,0
2026-03-21 06:00:00+00:00,0.0,0
2026-03-21 07:00:00+00:00,0.0,0
2026-03-21 08:00:00+00:00,0.0,0
2026-03-21 09:00:00+00:00,0.0,0
2026-03-21 10:00:00+00:00,0.0,0
2026-03-21 11:00:00+00:00,0.0,0
2026-03-21 12:00:00+00:00,0.0,0
2026-03-21 13:00:00+00:00,0.0,0
2026-03-21 14:00:00+00:00,0.0,0
2026-03-21 15:00:00+00:00,0.0,0
2026-03-21 16:00:00+00:00,0.0,0
2026-03-21 17:00:00+00:00,65.74535795454544,1
2026-03-21 18:00:00+00:00,0.0,0
2026-03-21 19:00:00+00:00,0.0,0
2026-03-21 20:00:00+00:00,0.0,0
2026-03-21 21:00:00+00:00,0.0,0
2026-03-21 22:00:00+00:00,0.0,0
2026-03-21 23:00:00+00:00,130.0591943181817,2
2026-03-22 00:00:00+00:00,78.6392897727268,1
2026-03-22 01:00:00+00:00,0.0,0
2026-03-22 02:00:00+00:00,0.0,0
2026-03-22 03:00:00+00:00,0.0,0
2026-03-22 04:00:00+00:00,0.0,0
2026-03-22 05:00:00+00:00,0.0,0
2026-03-22 06:00:00+00:00,0.0,0
2026-03-22 07:00:00+00:00,0.0,0
2026-03-22 08:00:00+00:00,65.67522443181781,1
2026-03-22 09:00:00+00:00,0.0,0
2026-03-22 10:00:00+00:00,0.0,0
2026-03-22 11:00:00+00:00,93.36134659090904,1
2026-03-22 12:00:00+00:00,0.0,0
2026-03-22 13:00:00+00:00,0.0,0
2026-03-22 14:00:00+00:00,0.0,0
2026-03-22 15:00:00+00:00,0.0,0
2026-03-22 16:00:00+00:00,0.0,0
2026-03-22 17:00:00+00:00,0.0,0
2026-03-22 18:00:00+00:00,0.0,0
2026-03-22 19:00:00+00:00,-130.0,1
2026-03-22 20:00:00+00:00,-130.0,1
2026-03-22 21:00:00+00:00,0.0,0
2026-03-22 22:00:00+00:00,0.0,0
2026-03-22 23:00:00+00:00,-141.00198124999977,2
2026-03-23 00:00:00+00:00,0.0,0
2026-03-23 01:00:00+00:00,0.0,0
2026-03-23 02:00:00+00:00,0.0,0
2026-03-23 03:00:00+00:00,0.0,0
2026-03-23 04:00:00+00:00,0.0,0
2026-03-23 05:00:00+00:00,0.0,0
2026-03-23 06:00:00+00:00,0.0,0
2026-03-23 07:00:00+00:00,0.0,0
2026-03-23 08:00:00+00:00,0.0,0
2026-03-23 09:00:00+00:00,0.0,0
2026-03-23 10:00:00+00:00,0.0,0
2026-03-23 11:00:00+00:00,0.0,0
2026-03-23 12:00:00+00:00,0.0,0
2026-03-23 13:00:00+00:00,0.0,0
2026-03-23 14:00:00+00:00,0.0,0
2026-03-23 15:00:00+00:00,0.0,0
2026-03-23 16:00:00+00:00,0.0,0
2026-03-23 17:00:00+00:00,0.0,0
2026-03-23 18:00:00+00:00,0.0,0
2026-03-23 19:00:00+00:00,0.0,0
2026-03-23 20:00:00+00:00,0.0,0
2026-03-23 21:00:00+00:00,0.0,0
2026-03-23 22:00:00+00:00,0.0,0
2026-03-23 23:00:00+00:00,59.1240221590914,1
2026-03-24 00:00:00+00:00,0.0,0
2026-03-24 01:00:00+00:00,0.0,0
2026-03-24 02:00:00+00:00,0.0,0
2026-03-24 03:00:00+00:00,0.0,0
2026-03-24 04:00:00+00:00,0.0,0
2026-03-24 05:00:00+00:00,0.0,0
2026-03-24 06:00:00+00:00,0.0,0
2026-03-24 07:00:00+00:00,0.0,0
2026-03-24 08:00:00+00:00,0.0,0
2026-03-24 09:00:00+00:00,0.0,0
2026-03-24 10:00:00+00:00,0.0,0
2026-03-24 11:00:00+00:00,0.0,0
2026-03-24 12:00:00+00:00,0.0,0
2026-03-24 13:00:00+00:00,0.0,0
2026-03-24 14:00:00+00:00,0.0,0
2026-03-24 15:00:00+00:00,0.0,0
2026-03-24 16:00:00+00:00,0.0,0
2026-03-24 17:00:00+00:00,62.06318181818183,1
2026-03-24 18:00:00+00:00,0.0,0
2026-03-24 19:00:00+00:00,87.4103011363637,1
2026-03-24 20:00:00+00:00,0.0,0
2026-03-24 21:00:00+00:00,0.0,0
2026-03-24 22:00:00+00:00,0.0,0
2026-03-24 23:00:00+00:00,0.0,0
2026-03-25 00:00:00+00:00,0.0,0
2026-03-25 01:00:00+00:00,0.0,0
2026-03-25 02:00:00+00:00,0.0,0
2026-03-25 03:00:00+00:00,0.0,0
2026-03-25 04:00:00+00:00,0.0,0
2026-03-25 05:00:00+00:00,0.0,0
2026-03-25 06:00:00+00:00,0.0,0
2026-03-25 07:00:00+00:00,0.0,0
2026-03-25 08:00:00+00:00,0.0,0
2026-03-25 09:00:00+00:00,0.0,0
2026-03-25 10:00:00+00:00,0.0,0
2026-03-25 11:00:00+00:00,0.0,0
2026-03-25 12:00:00+00:00,0.0,0
2026-03-25 13:00:00+00:00,0.0,0
2026-03-25 14:00:00+00:00,0.0,0
2026-03-25 15:00:00+00:00,0.0,0
2026-03-25 16:00:00+00:00,0.0,0
2026-03-25 17:00:00+00:00,0.0,0
2026-03-25 18:00:00+00:00,0.0,0
2026-03-25 19:00:00+00:00,0.0,0
2026-03-25 20:00:00+00:00,0.0,0
2026-03-25 21:00:00+00:00,0.0,0
2026-03-25 22:00:00+00:00,0.0,0
2026-03-25 23:00:00+00:00,0.0,0
2026-03-26 00:00:00+00:00,0.0,0
2026-03-26 01:00:00+00:00,0.0,0
2026-03-26 02:00:00+00:00,0.0,0
2026-03-26 03:00:00+00:00,0.0,0
2026-03-26 04:00:00+00:00,0.0,0
2026-03-26 05:00:00+00:00,0.0,0
2026-03-26 06:00:00+00:00,0.0,0
2026-03-26 07:00:00+00:00,0.0,0
2026-03-26 08:00:00+00:00,0.0,0
2026-03-26 09:00:00+00:00,0.0,0
2026-03-26 10:00:00+00:00,0.0,0
2026-03-26 11:00:00+00:00,0.0,0
2026-03-26 12:00:00+00:00,0.0,0
2026-03-26 13:00:00+00:00,0.0,0
2026-03-26 14:00:00+00:00,0.0,0
2026-03-26 15:00:00+00:00,0.0,0
2026-03-26 16:00:00+00:00,0.0,0
2026-03-26 17:00:00+00:00,0.0,0
2026-03-26 18:00:00+00:00,0.0,0
2026-03-26 19:00:00+00:00,0.0,0
2026-03-26 20:00:00+00:00,0.0,0
2026-03-26 21:00:00+00:00,0.0,0
2026-03-26 22:00:00+00:00,0.0,0
2026-03-26 23:00:00+00:00,0.0,0
2026-03-27 00:00:00+00:00,0.0,0
2026-03-27 01:00:00+00:00,0.0,0
2026-03-27 02:00:00+00:00,0.0,0
2026-03-27 03:00:00+00:00,0.0,0
2026-03-27 04:00:00+00:00,0.0,0
2026-03-27 05:00:00+00:00,0.0,0
2026-03-27 06:00:00+00:00,0.0,0
2026-03-27 07:00:00+00:00,0.0,0
2026-03-27 08:00:00+00:00,0.0,0
2026-03-27 09:00:00+00:00,0.0,0
2026-03-27 10:00:00+00:00,0.0,0
2026-03-27 11:00:00+00:00,0.0,0
2026-03-27 12:00:00+00:00,0.0,0
2026-03-27 13:00:00+00:00,0.0,0
2026-03-27 14:00:00+00:00,0.0,0
2026-03-27 15:00:00+00:00,0.0,0
2026-03-27 16:00:00+00:00,0.0,0
2026-03-27 17:00:00+00:00,0.0,0
2026-03-27 18:00:00+00:00,0.0,0
2026-03-27 19:00:00+00:00,0.0,0
2026-03-27 20:00:00+00:00,0.0,0
2026-03-27 21:00:00+00:00,0.0,0
2026-03-27 22:00:00+00:00,0.0,0
2026-03-27 23:00:00+00:00,0.0,0
2026-03-28 00:00:00+00:00,0.0,0
2026-03-28 01:00:00+00:00,0.0,0
2026-03-28 02:00:00+00:00,0.0,0
2026-03-28 03:00:00+00:00,0.0,0
2026-03-28 04:00:00+00:00,0.0,0
2026-03-28 05:00:00+00:00,0.0,0
2026-03-28 06:00:00+00:00,0.0,0
2026-03-28 07:00:00+00:00,81.11450454545388,1
2026-03-28 08:00:00+00:00,0.0,0
2026-03-28 09:00:00+00:00,0.0,0
2026-03-28 10:00:00+00:00,0.0,0
2026-03-28 11:00:00+00:00,0.0,0
2026-03-28 12:00:00+00:00,0.0,0
2026-03-28 13:00:00+00:00,0.0,0
2026-03-28 14:00:00+00:00,0.0,0
2026-03-28 15:00:00+00:00,0.0,0
2026-03-28 16:00:00+00:00,0.0,0
2026-03-28 17:00:00+00:00,0.0,0
2026-03-28 18:00:00+00:00,0.0,0
2026-03-28 19:00:00+00:00,0.0,0
2026-03-28 20:00:00+00:00,0.0,0
2026-03-28 21:00:00+00:00,0.0,0
2026-03-28 22:00:00+00:00,0.0,0
2026-03-28 23:00:00+00:00,0.0,0
2026-03-29 00:00:00+00:00,0.0,0
2026-03-29 01:00:00+00:00,0.0,0
2026-03-29 02:00:00+00:00,0.0,0
2026-03-29 03:00:00+00:00,0.0,0
2026-03-29 04:00:00+00:00,0.0,0
2026-03-29 05:00:00+00:00,0.0,0
2026-03-29 06:00:00+00:00,0.0,0
2026-03-29 07:00:00+00:00,0.0,0
2026-03-29 08:00:00+00:00,0.0,0
2026-03-29 09:00:00+00:00,0.0,0
2026-03-29 10:00:00+00:00,0.0,0
2026-03-29 11:00:00+00:00,0.0,0
2026-03-29 12:00:00+00:00,0.0,0
2026-03-29 13:00:00+00:00,0.0,0
2026-03-29 14:00:00+00:00,0.0,0
2026-03-29 15:00:00+00:00,0.0,0
2026-03-29 16:00:00+00:00,0.0,0
2026-03-29 17:00:00+00:00,0.0,0
2026-03-29 18:00:00+00:00,0.0,0
2026-03-29 19:00:00+00:00,68.25421022727252,1
2026-03-29 20:00:00+00:00,0.0,0
2026-03-29 21:00:00+00:00,0.0,0
2026-03-29 22:00:00+00:00,0.0,0
2026-03-29 23:00:00+00:00,129.32262613636377,2
2026-03-30 00:00:00+00:00,0.0,0
2026-03-30 01:00:00+00:00,0.0,0
2026-03-30 02:00:00+00:00,0.0,0
2026-03-30 03:00:00+00:00,0.0,0
2026-03-30 04:00:00+00:00,56.882607954545215,1
2026-03-30 05:00:00+00:00,0.0,0
2026-03-30 06:00:00+00:00,0.0,0
2026-03-30 07:00:00+00:00,0.0,0
2026-03-30 08:00:00+00:00,0.0,0
2026-03-30 09:00:00+00:00,0.0,0
2026-03-30 10:00:00+00:00,0.0,0
2026-03-30 11:00:00+00:00,0.0,0
2026-03-30 12:00:00+00:00,0.0,0
2026-03-30 13:00:00+00:00,0.0,0
2026-03-30 14:00:00+00:00,0.0,0
2026-03-30 15:00:00+00:00,0.0,0
2026-03-30 16:00:00+00:00,0.0,0
2026-03-30 17:00:00+00:00,0.0,0
2026-03-30 18:00:00+00:00,0.0,0
2026-03-30 19:00:00+00:00,103.7397784090904,1
2026-03-30 20:00:00+00:00,0.0,0
2026-03-30 21:00:00+00:00,0.0,0
2026-03-30 22:00:00+00:00,0.0,0
2026-03-30 23:00:00+00:00,0.0,0
2026-03-31 00:00:00+00:00,0.0,0
2026-03-31 01:00:00+00:00,0.0,0
2026-03-31 02:00:00+00:00,56.21451136363646,1
2026-03-31 03:00:00+00:00,0.0,0
2026-03-31 04:00:00+00:00,0.0,0
2026-03-31 05:00:00+00:00,0.0,0
2026-03-31 06:00:00+00:00,0.0,0
2026-03-31 07:00:00+00:00,0.0,0
2026-03-31 08:00:00+00:00,0.0,0
2026-03-31 09:00:00+00:00,0.0,0
2026-03-31 10:00:00+00:00,0.0,0
2026-03-31 11:00:00+00:00,0.0,0
2026-03-31 12:00:00+00:00,0.0,0
2026-03-31 13:00:00+00:00,0.0,0
2026-03-31 14:00:00+00:00,0.0,0
2026-03-31 15:00:00+00:00,0.0,0
2026-03-31 16:00:00+00:00,0.0,0
2026-03-31 17:00:00+00:00,0.0,0
2026-03-31 18:00:00+00:00,0.0,0
2026-03-31 19:00:00+00:00,0.0,0
2026-03-31 20:00:00+00:00,0.0,0
2026-03-31 21:00:00+00:00,0.0,0
2026-03-31 22:00:00+00:00,0.0,0
2026-03-31 23:00:00+00:00,-337.27094375000127,3
2026-04-01 00:00:00+00:00,58.23143181818161,1
2026-04-01 01:00:00+00:00,0.0,0
2026-04-01 02:00:00+00:00,0.0,0
2026-04-01 03:00:00+00:00,0.0,0
2026-04-01 04:00:00+00:00,-105.46201250000011,1
2026-04-01 05:00:00+00:00,0.0,0
2026-04-01 06:00:00+00:00,0.0,0
2026-04-01 07:00:00+00:00,0.0,0
2026-04-01 08:00:00+00:00,0.0,0
2026-04-01 09:00:00+00:00,0.0,0
2026-04-01 10:00:00+00:00,0.0,0
2026-04-01 11:00:00+00:00,65.20263750000002,1
2026-04-01 12:00:00+00:00,0.0,0
2026-04-01 13:00:00+00:00,0.0,0
2026-04-01 14:00:00+00:00,0.0,0
2026-04-01 15:00:00+00:00,0.0,0
2026-04-01 16:00:00+00:00,0.0,0
2026-04-01 17:00:00+00:00,0.0,0
2026-04-01 18:00:00+00:00,0.0,0
2026-04-01 19:00:00+00:00,0.0,0
2026-04-01 20:00:00+00:00,0.0,0
2026-04-01 21:00:00+00:00,0.0,0
2026-04-01 22:00:00+00:00,0.0,0
2026-04-01 23:00:00+00:00,0.0,0
2026-04-02 00:00:00+00:00,0.0,0
2026-04-02 01:00:00+00:00,0.0,0
2026-04-02 02:00:00+00:00,0.0,0
2026-04-02 03:00:00+00:00,0.0,0
2026-04-02 04:00:00+00:00,0.0,0
2026-04-02 05:00:00+00:00,0.0,0
2026-04-02 06:00:00+00:00,0.0,0
2026-04-02 07:00:00+00:00,0.0,0
2026-04-02 08:00:00+00:00,72.32421477272734,1
2026-04-02 09:00:00+00:00,0.0,0
2026-04-02 10:00:00+00:00,0.0,0
2026-04-02 11:00:00+00:00,0.0,0
2026-04-02 12:00:00+00:00,0.0,0
2026-04-02 13:00:00+00:00,0.0,0
2026-04-02 14:00:00+00:00,0.0,0
2026-04-02 15:00:00+00:00,0.0,0
2026-04-02 16:00:00+00:00,0.0,0
2026-04-02 17:00:00+00:00,0.0,0
2026-04-02 18:00:00+00:00,0.0,0
2026-04-02 19:00:00+00:00,0.0,0
2026-04-02 20:00:00+00:00,0.0,0
2026-04-02 21:00:00+00:00,0.0,0
2026-04-02 22:00:00+00:00,0.0,0
2026-04-02 23:00:00+00:00,0.0,0
2026-04-03 00:00:00+00:00,0.0,0
2026-04-03 01:00:00+00:00,0.0,0
2026-04-03 02:00:00+00:00,0.0,0
2026-04-03 03:00:00+00:00,0.0,0
2026-04-03 04:00:00+00:00,0.0,0
2026-04-03 05:00:00+00:00,0.0,0
2026-04-03 06:00:00+00:00,0.0,0
2026-04-03 07:00:00+00:00,0.0,0
2026-04-03 08:00:00+00:00,0.0,0
2026-04-03 09:00:00+00:00,0.0,0
2026-04-03 10:00:00+00:00,0.0,0
2026-04-03 11:00:00+00:00,0.0,0
2026-04-03 12:00:00+00:00,0.0,0
2026-04-03 13:00:00+00:00,0.0,0
2026-04-03 14:00:00+00:00,0.0,0
2026-04-03 15:00:00+00:00,0.0,0
2026-04-03 16:00:00+00:00,0.0,0
2026-04-03 17:00:00+00:00,0.0,0
2026-04-03 18:00:00+00:00,0.0,0
2026-04-03 19:00:00+00:00,0.0,0
2026-04-03 20:00:00+00:00,0.0,0
2026-04-03 21:00:00+00:00,0.0,0
2026-04-03 22:00:00+00:00,0.0,0
2026-04-03 23:00:00+00:00,59.2252670454545,1
2026-04-04 00:00:00+00:00,0.0,0
2026-04-04 01:00:00+00:00,0.0,0
2026-04-04 02:00:00+00:00,0.0,0
2026-04-04 03:00:00+00:00,0.0,0
2026-04-04 04:00:00+00:00,0.0,0
2026-04-04 05:00:00+00:00,0.0,0
2026-04-04 06:00:00+00:00,0.0,0
2026-04-04 07:00:00+00:00,0.0,0
2026-04-04 08:00:00+00:00,0.0,0
2026-04-04 09:00:00+00:00,0.0,0
2026-04-04 10:00:00+00:00,98.72406818181771,1
2026-04-04 11:00:00+00:00,0.0,0
2026-04-04 12:00:00+00:00,0.0,0
2026-04-04 13:00:00+00:00,0.0,0
2026-04-04 14:00:00+00:00,0.0,0
2026-04-04 15:00:00+00:00,0.0,0
2026-04-04 16:00:00+00:00,0.0,0
2026-04-04 17:00:00+00:00,0.0,0
2026-04-04 18:00:00+00:00,0.0,0
2026-04-04 19:00:00+00:00,0.0,0
2026-04-04 20:00:00+00:00,0.0,0
2026-04-04 21:00:00+00:00,0.0,0
2026-04-04 22:00:00+00:00,0.0,0
2026-04-04 23:00:00+00:00,0.0,0
2026-04-05 00:00:00+00:00,0.0,0
2026-04-05 01:00:00+00:00,0.0,0
2026-04-05 02:00:00+00:00,0.0,0
2026-04-05 03:00:00+00:00,0.0,0
2026-04-05 04:00:00+00:00,0.0,0
2026-04-05 05:00:00+00:00,0.0,0
2026-04-05 06:00:00+00:00,0.0,0
2026-04-05 07:00:00+00:00,0.0,0
2026-04-05 08:00:00+00:00,0.0,0
2026-04-05 09:00:00+00:00,0.0,0
2026-04-05 10:00:00+00:00,0.0,0
2026-04-05 11:00:00+00:00,0.0,0
2026-04-05 12:00:00+00:00,0.0,0
2026-04-05 13:00:00+00:00,0.0,0
2026-04-05 14:00:00+00:00,0.0,0
2026-04-05 15:00:00+00:00,0.0,0
2026-04-05 16:00:00+00:00,0.0,0
2026-04-05 17:00:00+00:00,-72.79756250000005,1
2026-04-05 18:00:00+00:00,0.0,0
2026-04-05 19:00:00+00:00,0.0,0
2026-04-05 20:00:00+00:00,68.14718181818186,1
2026-04-05 21:00:00+00:00,0.0,0
2026-04-05 22:00:00+00:00,0.0,0
2026-04-05 23:00:00+00:00,-239.3044062499996,2
2026-04-06 00:00:00+00:00,0.0,0
2026-04-06 01:00:00+00:00,0.0,0
2026-04-06 02:00:00+00:00,0.0,0
2026-04-06 03:00:00+00:00,0.0,0
2026-04-06 04:00:00+00:00,0.0,0
2026-04-06 05:00:00+00:00,0.0,0
2026-04-06 06:00:00+00:00,0.0,0
2026-04-06 07:00:00+00:00,0.0,0
2026-04-06 08:00:00+00:00,0.0,0
2026-04-06 09:00:00+00:00,0.0,0
2026-04-06 10:00:00+00:00,0.0,0
2026-04-06 11:00:00+00:00,0.0,0
2026-04-06 12:00:00+00:00,0.0,0
2026-04-06 13:00:00+00:00,0.0,0
2026-04-06 14:00:00+00:00,0.0,0
2026-04-06 15:00:00+00:00,0.0,0
2026-04-06 16:00:00+00:00,0.0,0
2026-04-06 17:00:00+00:00,0.0,0
2026-04-06 18:00:00+00:00,0.0,0
2026-04-06 19:00:00+00:00,0.0,0
2026-04-06 20:00:00+00:00,0.0,0
2026-04-06 21:00:00+00:00,0.0,0
2026-04-06 22:00:00+00:00,0.0,0
2026-04-06 23:00:00+00:00,0.0,0
2026-04-07 00:00:00+00:00,0.0,0
2026-04-07 01:00:00+00:00,0.0,0
2026-04-07 02:00:00+00:00,0.0,0
2026-04-07 03:00:00+00:00,0.0,0
2026-04-07 04:00:00+00:00,0.0,0
2026-04-07 05:00:00+00:00,0.0,0
2026-04-07 06:00:00+00:00,0.0,0
2026-04-07 07:00:00+00:00,0.0,0
2026-04-07 08:00:00+00:00,0.0,0
2026-04-07 09:00:00+00:00,0.0,0
2026-04-07 10:00:00+00:00,0.0,0
2026-04-07 11:00:00+00:00,0.0,0
2026-04-07 12:00:00+00:00,0.0,0
2026-04-07 13:00:00+00:00,0.0,0
2026-04-07 14:00:00+00:00,0.0,0
2026-04-07 15:00:00+00:00,0.0,0
2026-04-07 16:00:00+00:00,0.0,0
2026-04-07 17:00:00+00:00,0.0,0
2026-04-07 18:00:00+00:00,0.0,0
2026-04-07 19:00:00+00:00,0.0,0
2026-04-07 20:00:00+00:00,0.0,0
2026-04-07 21:00:00+00:00,0.0,0
2026-04-07 22:00:00+00:00,0.0,0
2026-04-07 23:00:00+00:00,160.34052272727197,2
2026-04-08 00:00:00+00:00,0.0,0
2026-04-08 01:00:00+00:00,0.0,0
2026-04-08 02:00:00+00:00,0.0,0
2026-04-08 03:00:00+00:00,0.0,0
2026-04-08 04:00:00+00:00,0.0,0
2026-04-08 05:00:00+00:00,0.0,0
2026-04-08 06:00:00+00:00,0.0,0
2026-04-08 07:00:00+00:00,0.0,0
2026-04-08 08:00:00+00:00,0.0,0
2026-04-08 09:00:00+00:00,0.0,0
2026-04-08 10:00:00+00:00,0.0,0
2026-04-08 11:00:00+00:00,0.0,0
2026-04-08 12:00:00+00:00,0.0,0
2026-04-08 13:00:00+00:00,0.0,0
2026-04-08 14:00:00+00:00,0.0,0
2026-04-08 15:00:00+00:00,0.0,0
2026-04-08 16:00:00+00:00,0.0,0
2026-04-08 17:00:00+00:00,0.0,0
2026-04-08 18:00:00+00:00,0.0,0
2026-04-08 19:00:00+00:00,0.0,0
2026-04-08 20:00:00+00:00,0.0,0
2026-04-08 21:00:00+00:00,0.0,0
2026-04-08 22:00:00+00:00,0.0,0
2026-04-08 23:00:00+00:00,-168.9556375000001,2
2026-04-09 00:00:00+00:00,-7.553738636364002,2
2026-04-09 01:00:00+00:00,0.0,0
2026-04-09 02:00:00+00:00,0.0,0
2026-04-09 03:00:00+00:00,0.0,0
2026-04-09 04:00:00+00:00,0.0,0
2026-04-09 05:00:00+00:00,0.0,0
2026-04-09 06:00:00+00:00,0.0,0
2026-04-09 07:00:00+00:00,0.0,0
2026-04-09 08:00:00+00:00,0.0,0
2026-04-09 09:00:00+00:00,0.0,0
2026-04-09 10:00:00+00:00,0.0,0
2026-04-09 11:00:00+00:00,0.0,0
2026-04-09 12:00:00+00:00,0.0,0
2026-04-09 13:00:00+00:00,0.0,0
2026-04-09 14:00:00+00:00,0.0,0
2026-04-09 15:00:00+00:00,0.0,0
2026-04-09 16:00:00+00:00,0.0,0
2026-04-09 17:00:00+00:00,0.0,0
2026-04-09 18:00:00+00:00,0.0,0
2026-04-09 19:00:00+00:00,0.0,0
2026-04-09 20:00:00+00:00,56.92608409090885,1
2026-04-09 21:00:00+00:00,0.0,0
2026-04-09 22:00:00+00:00,0.0,0
2026-04-09 23:00:00+00:00,0.0,0
2026-04-10 00:00:00+00:00,0.0,0
2026-04-10 01:00:00+00:00,0.0,0
2026-04-10 02:00:00+00:00,0.0,0
2026-04-10 03:00:00+00:00,0.0,0
2026-04-10 04:00:00+00:00,0.0,0
2026-04-10 05:00:00+00:00,0.0,0
2026-04-10 06:00:00+00:00,0.0,0
2026-04-10 07:00:00+00:00,0.0,0
2026-04-10 08:00:00+00:00,0.0,0
2026-04-10 09:00:00+00:00,0.0,0
2026-04-10 10:00:00+00:00,0.0,0
2026-04-10 11:00:00+00:00,0.0,0
2026-04-10 12:00:00+00:00,0.0,0
2026-04-10 13:00:00+00:00,0.0,0
2026-04-10 14:00:00+00:00,0.0,0
2026-04-10 15:00:00+00:00,0.0,0
2026-04-10 16:00:00+00:00,0.0,0
2026-04-10 17:00:00+00:00,0.0,0
2026-04-10 18:00:00+00:00,0.0,0
2026-04-10 19:00:00+00:00,0.0,0
2026-04-10 20:00:00+00:00,0.0,0
2026-04-10 21:00:00+00:00,0.0,0
2026-04-10 22:00:00+00:00,0.0,0
2026-04-10 23:00:00+00:00,0.0,0
2026-04-11 00:00:00+00:00,0.0,0
2026-04-11 01:00:00+00:00,0.0,0
2026-04-11 02:00:00+00:00,0.0,0
2026-04-11 03:00:00+00:00,0.0,0
2026-04-11 04:00:00+00:00,0.0,0
2026-04-11 05:00:00+00:00,0.0,0
2026-04-11 06:00:00+00:00,0.0,0
2026-04-11 07:00:00+00:00,0.0,0
2026-04-11 08:00:00+00:00,59.20665340909032,1
2026-04-11 09:00:00+00:00,0.0,0
2026-04-11 10:00:00+00:00,0.0,0
2026-04-11 11:00:00+00:00,0.0,0
2026-04-11 12:00:00+00:00,0.0,0
2026-04-11 13:00:00+00:00,0.0,0
2026-04-11 14:00:00+00:00,0.0,0
2026-04-11 15:00:00+00:00,0.0,0
2026-04-11 16:00:00+00:00,0.0,0
2026-04-11 17:00:00+00:00,0.0,0
2026-04-11 18:00:00+00:00,0.0,0
2026-04-11 19:00:00+00:00,55.371579545454026,1
2026-04-11 20:00:00+00:00,0.0,0
2026-04-11 21:00:00+00:00,0.0,0
2026-04-11 22:00:00+00:00,0.0,0
2026-04-11 23:00:00+00:00,0.0,0
2026-04-12 00:00:00+00:00,0.0,0
2026-04-12 01:00:00+00:00,81.24519886363628,1
2026-04-12 02:00:00+00:00,0.0,0
2026-04-12 03:00:00+00:00,0.0,0
2026-04-12 04:00:00+00:00,72.45956249999969,1
2026-04-12 05:00:00+00:00,0.0,0
2026-04-12 06:00:00+00:00,0.0,0
2026-04-12 07:00:00+00:00,0.0,0
2026-04-12 08:00:00+00:00,-104.61424999999984,1
2026-04-12 09:00:00+00:00,0.0,0
2026-04-12 10:00:00+00:00,106.36363636363636,1
2026-04-12 11:00:00+00:00,-96.74705624999989,1
2026-04-12 12:00:00+00:00,0.0,0
2026-04-12 13:00:00+00:00,0.0,0
2026-04-12 14:00:00+00:00,0.0,0
2026-04-12 15:00:00+00:00,0.0,0
2026-04-12 16:00:00+00:00,97.24528124999964,1
2026-04-12 17:00:00+00:00,0.0,0
2026-04-12 18:00:00+00:00,0.0,0
2026-04-12 19:00:00+00:00,0.0,0
2026-04-12 20:00:00+00:00,0.0,0
2026-04-12 21:00:00+00:00,0.0,0
2026-04-12 22:00:00+00:00,0.0,0
2026-04-12 23:00:00+00:00,78.74365909090828,1
2026-04-13 00:00:00+00:00,0.0,0
2026-04-13 01:00:00+00:00,0.0,0
2026-04-13 02:00:00+00:00,0.0,0
2026-04-13 03:00:00+00:00,0.0,0
2026-04-13 04:00:00+00:00,0.0,0
2026-04-13 05:00:00+00:00,0.0,0
2026-04-13 06:00:00+00:00,0.0,0
2026-04-13 07:00:00+00:00,0.0,0
2026-04-13 08:00:00+00:00,0.0,0
2026-04-13 09:00:00+00:00,0.0,0
2026-04-13 10:00:00+00:00,0.0,0
2026-04-13 11:00:00+00:00,0.0,0
2026-04-13 12:00:00+00:00,0.0,0
2026-04-13 13:00:00+00:00,0.0,0
2026-04-13 14:00:00+00:00,0.0,0
2026-04-13 15:00:00+00:00,0.0,0
2026-04-13 16:00:00+00:00,0.0,0
2026-04-13 17:00:00+00:00,0.0,0
2026-04-13 18:00:00+00:00,0.0,0
2026-04-13 19:00:00+00:00,0.0,0
2026-04-13 20:00:00+00:00,0.0,0
2026-04-13 21:00:00+00:00,0.0,0
2026-04-13 22:00:00+00:00,0.0,0
2026-04-13 23:00:00+00:00,72.43496590909099,1
2026-04-14 00:00:00+00:00,0.0,0
2026-04-14 01:00:00+00:00,0.0,0
2026-04-14 02:00:00+00:00,0.0,0
2026-04-14 03:00:00+00:00,0.0,0
2026-04-14 04:00:00+00:00,0.0,0
2026-04-14 05:00:00+00:00,0.0,0
2026-04-14 06:00:00+00:00,0.0,0
2026-04-14 07:00:00+00:00,0.0,0
2026-04-14 08:00:00+00:00,0.0,0
2026-04-14 09:00:00+00:00,0.0,0
2026-04-14 10:00:00+00:00,0.0,0
2026-04-14 11:00:00+00:00,0.0,0
2026-04-14 12:00:00+00:00,0.0,0
2026-04-14 13:00:00+00:00,0.0,0
2026-04-14 14:00:00+00:00,0.0,0
2026-04-14 15:00:00+00:00,0.0,0
2026-04-14 16:00:00+00:00,55.431675000000325,1
2026-04-14 17:00:00+00:00,0.0,0
2026-04-14 18:00:00+00:00,0.0,0
2026-04-14 19:00:00+00:00,0.0,0
2026-04-14 20:00:00+00:00,67.9703522727274,1
2026-04-14 21:00:00+00:00,0.0,0
2026-04-14 22:00:00+00:00,0.0,0
2026-04-14 23:00:00+00:00,128.04991875000024,2
2026-04-15 00:00:00+00:00,0.0,0
2026-04-15 01:00:00+00:00,0.0,0
2026-04-15 02:00:00+00:00,0.0,0
2026-04-15 03:00:00+00:00,0.0,0
2026-04-15 04:00:00+00:00,0.0,0
2026-04-15 05:00:00+00:00,0.0,0
2026-04-15 06:00:00+00:00,0.0,0
2026-04-15 07:00:00+00:00,0.0,0
2026-04-15 08:00:00+00:00,0.0,0
2026-04-15 09:00:00+00:00,0.0,0
2026-04-15 10:00:00+00:00,0.0,0
2026-04-15 11:00:00+00:00,0.0,0
2026-04-15 12:00:00+00:00,0.0,0
2026-04-15 13:00:00+00:00,0.0,0
2026-04-15 14:00:00+00:00,0.0,0
2026-04-15 15:00:00+00:00,0.0,0
2026-04-15 16:00:00+00:00,0.0,0
2026-04-15 17:00:00+00:00,0.0,0
2026-04-15 18:00:00+00:00,0.0,0
2026-04-15 19:00:00+00:00,0.0,0
2026-04-15 20:00:00+00:00,0.0,0
2026-04-15 21:00:00+00:00,0.0,0
2026-04-15 22:00:00+00:00,0.0,0
2026-04-15 23:00:00+00:00,0.0,0
2026-04-16 00:00:00+00:00,0.0,0
2026-04-16 01:00:00+00:00,0.0,0
2026-04-16 02:00:00+00:00,0.0,0
2026-04-16 03:00:00+00:00,0.0,0
2026-04-16 04:00:00+00:00,0.0,0
2026-04-16 05:00:00+00:00,0.0,0
2026-04-16 06:00:00+00:00,0.0,0
2026-04-16 07:00:00+00:00,0.0,0
2026-04-16 08:00:00+00:00,0.0,0
2026-04-16 09:00:00+00:00,0.0,0
2026-04-16 10:00:00+00:00,0.0,0
2026-04-16 11:00:00+00:00,0.0,0
2026-04-16 12:00:00+00:00,0.0,0
2026-04-16 13:00:00+00:00,0.0,0
2026-04-16 14:00:00+00:00,0.0,0
2026-04-16 15:00:00+00:00,0.0,0
2026-04-16 16:00:00+00:00,0.0,0
2026-04-16 17:00:00+00:00,0.0,0
2026-04-16 18:00:00+00:00,0.0,0
2026-04-16 19:00:00+00:00,0.0,0
2026-04-16 20:00:00+00:00,0.0,0
2026-04-16 21:00:00+00:00,0.0,0
2026-04-16 22:00:00+00:00,0.0,0
2026-04-16 23:00:00+00:00,0.0,0
2026-04-17 00:00:00+00:00,0.0,0
2026-04-17 01:00:00+00:00,-182.7848749999997,2
2026-04-17 02:00:00+00:00,-72.4810937500002,1
2026-04-17 03:00:00+00:00,0.0,0
2026-04-17 04:00:00+00:00,0.0,0
2026-04-17 05:00:00+00:00,0.0,0
2026-04-17 06:00:00+00:00,0.0,0
2026-04-17 07:00:00+00:00,0.0,0
2026-04-17 08:00:00+00:00,0.0,0
2026-04-17 09:00:00+00:00,0.0,0
2026-04-17 10:00:00+00:00,0.0,0
2026-04-17 11:00:00+00:00,0.0,0
2026-04-17 12:00:00+00:00,0.0,0
2026-04-17 13:00:00+00:00,0.0,0
2026-04-17 14:00:00+00:00,0.0,0
2026-04-17 15:00:00+00:00,0.0,0
2026-04-17 16:00:00+00:00,0.0,0
2026-04-17 17:00:00+00:00,0.0,0
2026-04-17 18:00:00+00:00,0.0,0
2026-04-17 19:00:00+00:00,0.0,0
2026-04-17 20:00:00+00:00,0.0,0
2026-04-17 21:00:00+00:00,0.0,0
2026-04-17 22:00:00+00:00,0.0,0
2026-04-17 23:00:00+00:00,0.0,0
2026-04-18 00:00:00+00:00,0.0,0
2026-04-18 01:00:00+00:00,0.0,0
2026-04-18 02:00:00+00:00,0.0,0
2026-04-18 03:00:00+00:00,0.0,0
2026-04-18 04:00:00+00:00,0.0,0
2026-04-18 05:00:00+00:00,0.0,0
2026-04-18 06:00:00+00:00,0.0,0
2026-04-18 07:00:00+00:00,0.0,0
2026-04-18 08:00:00+00:00,-66.35078124999937,1
2026-04-18 09:00:00+00:00,0.0,0
2026-04-18 10:00:00+00:00,0.0,0
2026-04-18 11:00:00+00:00,0.0,0
2026-04-18 12:00:00+00:00,0.0,0
2026-04-18 13:00:00+00:00,0.0,0
2026-04-18 14:00:00+00:00,0.0,0
2026-04-18 15:00:00+00:00,0.0,0
2026-04-18 16:00:00+00:00,-80.7389374999993,1
2026-04-18 17:00:00+00:00,-68.34018749999998,1
2026-04-18 18:00:00+00:00,0.0,0
2026-04-18 19:00:00+00:00,199.14995454545453,2
2026-04-18 20:00:00+00:00,0.0,0
2026-04-18 21:00:00+00:00,0.0,0
2026-04-18 22:00:00+00:00,0.0,0
2026-04-18 23:00:00+00:00,-28.7674784090906,2
2026-04-19 00:00:00+00:00,0.0,0
2026-04-19 01:00:00+00:00,0.0,0
2026-04-19 02:00:00+00:00,157.97712272727236,2
2026-04-19 03:00:00+00:00,0.0,0
2026-04-19 04:00:00+00:00,0.0,0
2026-04-19 05:00:00+00:00,0.0,0
2026-04-19 06:00:00+00:00,0.0,0
2026-04-19 07:00:00+00:00,0.0,0
2026-04-19 08:00:00+00:00,0.0,0
2026-04-19 09:00:00+00:00,0.0,0
2026-04-19 10:00:00+00:00,0.0,0
2026-04-19 11:00:00+00:00,0.0,0
2026-04-19 12:00:00+00:00,0.0,0
2026-04-19 13:00:00+00:00,0.0,0
2026-04-19 14:00:00+00:00,0.0,0
2026-04-19 15:00:00+00:00,0.0,0
2026-04-19 16:00:00+00:00,-78.79421874999953,1
2026-04-19 17:00:00+00:00,-90.78306249999946,1
2026-04-19 18:00:00+00:00,0.0,0
2026-04-19 19:00:00+00:00,-86.25174999999952,1
2026-04-19 20:00:00+00:00,-120.20124999999972,1
2026-04-19 21:00:00+00:00,0.0,0
2026-04-19 22:00:00+00:00,0.0,0
2026-04-19 23:00:00+00:00,182.61107386363577,2
2026-04-20 00:00:00+00:00,0.0,0
2026-04-20 01:00:00+00:00,0.0,0
2026-04-20 02:00:00+00:00,0.0,0
2026-04-20 03:00:00+00:00,0.0,0
2026-04-20 04:00:00+00:00,0.0,0
2026-04-20 05:00:00+00:00,0.0,0
2026-04-20 06:00:00+00:00,0.0,0
2026-04-20 07:00:00+00:00,0.0,0
2026-04-20 08:00:00+00:00,0.0,0
2026-04-20 09:00:00+00:00,0.0,0
2026-04-20 10:00:00+00:00,0.0,0
2026-04-20 11:00:00+00:00,0.0,0
2026-04-20 12:00:00+00:00,0.0,0
2026-04-20 13:00:00+00:00,0.0,0
2026-04-20 14:00:00+00:00,0.0,0
2026-04-20 15:00:00+00:00,0.0,0
2026-04-20 16:00:00+00:00,0.0,0
2026-04-20 17:00:00+00:00,0.0,0
2026-04-20 18:00:00+00:00,0.0,0
2026-04-20 19:00:00+00:00,0.0,0
2026-04-20 20:00:00+00:00,0.0,0
2026-04-20 21:00:00+00:00,0.0,0
2026-04-20 22:00:00+00:00,0.0,0
2026-04-20 23:00:00+00:00,0.0,0
2026-04-21 00:00:00+00:00,0.0,0
2026-04-21 01:00:00+00:00,0.0,0
2026-04-21 02:00:00+00:00,0.0,0
2026-04-21 03:00:00+00:00,0.0,0
2026-04-21 04:00:00+00:00,0.0,0
2026-04-21 05:00:00+00:00,0.0,0
2026-04-21 06:00:00+00:00,0.0,0
2026-04-21 07:00:00+00:00,0.0,0
2026-04-21 08:00:00+00:00,0.0,0
2026-04-21 09:00:00+00:00,0.0,0
2026-04-21 10:00:00+00:00,74.39737499999968,1
2026-04-21 11:00:00+00:00,0.0,0
2026-04-21 12:00:00+00:00,0.0,0
2026-04-21 13:00:00+00:00,0.0,0
2026-04-21 14:00:00+00:00,0.0,0
2026-04-21 15:00:00+00:00,0.0,0
2026-04-21 16:00:00+00:00,0.0,0
2026-04-21 17:00:00+00:00,0.0,0
2026-04-21 18:00:00+00:00,0.0,0
2026-04-21 19:00:00+00:00,60.23904545454541,1
2026-04-21 20:00:00+00:00,0.0,0
2026-04-21 21:00:00+00:00,0.0,0
2026-04-21 22:00:00+00:00,0.0,0
2026-04-21 23:00:00+00:00,0.0,0
2026-04-22 00:00:00+00:00,0.0,0
2026-04-22 01:00:00+00:00,0.0,0
2026-04-22 02:00:00+00:00,0.0,0
2026-04-22 03:00:00+00:00,0.0,0
2026-04-22 04:00:00+00:00,0.0,0
2026-04-22 05:00:00+00:00,0.0,0
2026-04-22 06:00:00+00:00,0.0,0
2026-04-22 07:00:00+00:00,0.0,0
2026-04-22 08:00:00+00:00,0.0,0
2026-04-22 09:00:00+00:00,0.0,0
2026-04-22 10:00:00+00:00,-84.10642500000024,1
2026-04-22 11:00:00+00:00,0.0,0
2026-04-22 12:00:00+00:00,0.0,0
2026-04-22 13:00:00+00:00,0.0,0
2026-04-22 14:00:00+00:00,0.0,0
2026-04-22 15:00:00+00:00,0.0,0
2026-04-22 16:00:00+00:00,0.0,0
2026-04-22 17:00:00+00:00,0.0,0
2026-04-22 18:00:00+00:00,0.0,0
2026-04-22 19:00:00+00:00,0.0,0
2026-04-22 20:00:00+00:00,0.0,0
2026-04-22 21:00:00+00:00,0.0,0
2026-04-22 22:00:00+00:00,0.0,0
2026-04-22 23:00:00+00:00,-79.78506249999984,1
2026-04-23 00:00:00+00:00,0.0,0
2026-04-23 01:00:00+00:00,0.0,0
2026-04-23 02:00:00+00:00,0.0,0
2026-04-23 03:00:00+00:00,0.0,0
2026-04-23 04:00:00+00:00,0.0,0
2026-04-23 05:00:00+00:00,0.0,0
2026-04-23 06:00:00+00:00,0.0,0
2026-04-23 07:00:00+00:00,-65.9054499999997,1
2026-04-23 08:00:00+00:00,0.0,0
2026-04-23 09:00:00+00:00,0.0,0
2026-04-23 10:00:00+00:00,0.0,0
2026-04-23 11:00:00+00:00,0.0,0
2026-04-23 12:00:00+00:00,0.0,0
2026-04-23 13:00:00+00:00,0.0,0
2026-04-23 14:00:00+00:00,0.0,0
2026-04-23 15:00:00+00:00,0.0,0
2026-04-23 16:00:00+00:00,0.0,0
2026-04-23 17:00:00+00:00,0.0,0
2026-04-23 18:00:00+00:00,0.0,0
2026-04-23 19:00:00+00:00,0.0,0
2026-04-23 20:00:00+00:00,0.0,0
2026-04-23 21:00:00+00:00,0.0,0
2026-04-23 22:00:00+00:00,0.0,0
2026-04-23 23:00:00+00:00,-81.53762500000016,1
2026-04-24 00:00:00+00:00,0.0,0
2026-04-24 01:00:00+00:00,0.0,0
2026-04-24 02:00:00+00:00,0.0,0
2026-04-24 03:00:00+00:00,0.0,0
2026-04-24 04:00:00+00:00,0.0,0
2026-04-24 05:00:00+00:00,0.0,0
2026-04-24 06:00:00+00:00,0.0,0
2026-04-24 07:00:00+00:00,0.0,0
2026-04-24 08:00:00+00:00,0.0,0
2026-04-24 09:00:00+00:00,0.0,0
2026-04-24 10:00:00+00:00,0.0,0
2026-04-24 11:00:00+00:00,0.0,0
2026-04-24 12:00:00+00:00,0.0,0
2026-04-24 13:00:00+00:00,0.0,0
2026-04-24 14:00:00+00:00,0.0,0
2026-04-24 15:00:00+00:00,0.0,0
2026-04-24 16:00:00+00:00,0.0,0
2026-04-24 17:00:00+00:00,0.0,0
2026-04-24 18:00:00+00:00,0.0,0
2026-04-24 19:00:00+00:00,0.0,0
2026-04-24 20:00:00+00:00,54.58874318181788,1
2026-04-24 21:00:00+00:00,0.0,0
2026-04-24 22:00:00+00:00,0.0,0
2026-04-24 23:00:00+00:00,0.0,0
2026-04-25 00:00:00+00:00,60.82072159090843,1
2026-04-25 01:00:00+00:00,0.0,0
2026-04-25 02:00:00+00:00,0.0,0
2026-04-25 03:00:00+00:00,0.0,0
2026-04-25 04:00:00+00:00,0.0,0
2026-04-25 05:00:00+00:00,0.0,0
2026-04-25 06:00:00+00:00,0.0,0
2026-04-25 07:00:00+00:00,0.0,0
2026-04-25 08:00:00+00:00,0.0,0
2026-04-25 09:00:00+00:00,0.0,0
2026-04-25 10:00:00+00:00,0.0,0
2026-04-25 11:00:00+00:00,0.0,0
2026-04-25 12:00:00+00:00,0.0,0
2026-04-25 13:00:00+00:00,0.0,0
2026-04-25 14:00:00+00:00,0.0,0
2026-04-25 15:00:00+00:00,0.0,0
2026-04-25 16:00:00+00:00,0.0,0
2026-04-25 17:00:00+00:00,106.36363636363636,1
2026-04-25 18:00:00+00:00,0.0,0
2026-04-25 19:00:00+00:00,81.57957954545411,1
2026-04-25 20:00:00+00:00,0.0,0
2026-04-25 21:00:00+00:00,0.0,0
2026-04-25 22:00:00+00:00,0.0,0
2026-04-25 23:00:00+00:00,0.0,0
2026-04-26 00:00:00+00:00,0.0,0
2026-04-26 01:00:00+00:00,0.0,0
2026-04-26 02:00:00+00:00,0.0,0
2026-04-26 03:00:00+00:00,0.0,0
2026-04-26 04:00:00+00:00,-130.0,1
2026-04-26 05:00:00+00:00,0.0,0
2026-04-26 06:00:00+00:00,0.0,0
2026-04-26 07:00:00+00:00,79.9531465909086,1
2026-04-26 08:00:00+00:00,0.0,0
2026-04-26 09:00:00+00:00,0.0,0
2026-04-26 10:00:00+00:00,0.0,0
2026-04-26 11:00:00+00:00,0.0,0
2026-04-26 12:00:00+00:00,0.0,0
2026-04-26 13:00:00+00:00,0.0,0
2026-04-26 14:00:00+00:00,0.0,0
2026-04-26 15:00:00+00:00,56.69627215909096,1
2026-04-26 16:00:00+00:00,0.0,0
2026-04-26 17:00:00+00:00,0.0,0
2026-04-26 18:00:00+00:00,0.0,0
2026-04-26 19:00:00+00:00,0.0,0
2026-04-26 20:00:00+00:00,0.0,0
2026-04-26 21:00:00+00:00,0.0,0
2026-04-26 22:00:00+00:00,0.0,0
2026-04-26 23:00:00+00:00,0.0,0
2026-04-27 00:00:00+00:00,81.11357386363618,1
2026-04-27 01:00:00+00:00,0.0,0
2026-04-27 02:00:00+00:00,0.0,0
2026-04-27 03:00:00+00:00,0.0,0
2026-04-27 04:00:00+00:00,0.0,0
2026-04-27 05:00:00+00:00,0.0,0
2026-04-27 06:00:00+00:00,0.0,0
2026-04-27 07:00:00+00:00,0.0,0
2026-04-27 08:00:00+00:00,0.0,0
2026-04-27 09:00:00+00:00,0.0,0
2026-04-27 10:00:00+00:00,0.0,0
2026-04-27 11:00:00+00:00,0.0,0
2026-04-27 12:00:00+00:00,0.0,0
2026-04-27 13:00:00+00:00,0.0,0
2026-04-27 14:00:00+00:00,0.0,0
2026-04-27 15:00:00+00:00,0.0,0
2026-04-27 16:00:00+00:00,0.0,0
2026-04-27 17:00:00+00:00,0.0,0
2026-04-27 18:00:00+00:00,0.0,0
2026-04-27 19:00:00+00:00,0.0,0
2026-04-27 20:00:00+00:00,0.0,0
2026-04-27 21:00:00+00:00,0.0,0
2026-04-27 22:00:00+00:00,0.0,0
2026-04-27 23:00:00+00:00,0.0,0
2026-04-28 00:00:00+00:00,0.0,0
2026-04-28 01:00:00+00:00,0.0,0
2026-04-28 02:00:00+00:00,0.0,0
2026-04-28 03:00:00+00:00,0.0,0
2026-04-28 04:00:00+00:00,0.0,0
2026-04-28 05:00:00+00:00,0.0,0
2026-04-28 06:00:00+00:00,0.0,0
2026-04-28 07:00:00+00:00,0.0,0
2026-04-28 08:00:00+00:00,0.0,0
2026-04-28 09:00:00+00:00,0.0,0
2026-04-28 10:00:00+00:00,0.0,0
2026-04-28 11:00:00+00:00,0.0,0
2026-04-28 12:00:00+00:00,0.0,0
2026-04-28 13:00:00+00:00,0.0,0
2026-04-28 14:00:00+00:00,0.0,0
2026-04-28 15:00:00+00:00,0.0,0
2026-04-28 16:00:00+00:00,0.0,0
2026-04-28 17:00:00+00:00,0.0,0
2026-04-28 18:00:00+00:00,0.0,0
2026-04-28 19:00:00+00:00,0.0,0
2026-04-28 20:00:00+00:00,0.0,0
2026-04-28 21:00:00+00:00,0.0,0
2026-04-28 22:00:00+00:00,0.0,0
2026-04-28 23:00:00+00:00,0.0,0
2026-04-29 00:00:00+00:00,0.0,0
2026-04-29 01:00:00+00:00,0.0,0
2026-04-29 02:00:00+00:00,0.0,0
2026-04-29 03:00:00+00:00,0.0,0
2026-04-29 04:00:00+00:00,0.0,0
2026-04-29 05:00:00+00:00,0.0,0
2026-04-29 06:00:00+00:00,0.0,0
2026-04-29 07:00:00+00:00,0.0,0
2026-04-29 08:00:00+00:00,0.0,0
2026-04-29 09:00:00+00:00,0.0,0
2026-04-29 10:00:00+00:00,0.0,0
2026-04-29 11:00:00+00:00,0.0,0
2026-04-29 12:00:00+00:00,0.0,0
2026-04-29 13:00:00+00:00,0.0,0
2026-04-29 14:00:00+00:00,0.0,0
2026-04-29 15:00:00+00:00,0.0,0
2026-04-29 16:00:00+00:00,0.0,0
2026-04-29 17:00:00+00:00,0.0,0
2026-04-29 18:00:00+00:00,0.0,0
2026-04-29 19:00:00+00:00,57.988789772727095,1
2026-04-29 20:00:00+00:00,0.0,0
2026-04-29 21:00:00+00:00,0.0,0
2026-04-29 22:00:00+00:00,0.0,0
2026-04-29 23:00:00+00:00,0.0,0
2026-04-30 00:00:00+00:00,0.0,0
2026-04-30 01:00:00+00:00,0.0,0
2026-04-30 02:00:00+00:00,0.0,0
2026-04-30 03:00:00+00:00,0.0,0
2026-04-30 04:00:00+00:00,0.0,0
2026-04-30 05:00:00+00:00,0.0,0
2026-04-30 06:00:00+00:00,0.0,0
2026-04-30 07:00:00+00:00,0.0,0
2026-04-30 08:00:00+00:00,0.0,0
2026-04-30 09:00:00+00:00,0.0,0
2026-04-30 10:00:00+00:00,0.0,0
2026-04-30 11:00:00+00:00,0.0,0
2026-04-30 12:00:00+00:00,0.0,0
2026-04-30 13:00:00+00:00,0.0,0
2026-04-30 14:00:00+00:00,0.0,0
2026-04-30 15:00:00+00:00,0.0,0
2026-04-30 16:00:00+00:00,0.0,0
2026-04-30 17:00:00+00:00,0.0,0
2026-04-30 18:00:00+00:00,0.0,0
2026-04-30 19:00:00+00:00,0.0,0
2026-04-30 20:00:00+00:00,0.0,0
2026-04-30 21:00:00+00:00,0.0,0
2026-04-30 22:00:00+00:00,0.0,0
2026-04-30 23:00:00+00:00,0.0,0
2026-05-01 00:00:00+00:00,0.0,0
2026-05-01 01:00:00+00:00,0.0,0
2026-05-01 02:00:00+00:00,0.0,0
2026-05-01 03:00:00+00:00,0.0,0
2026-05-01 04:00:00+00:00,0.0,0
2026-05-01 05:00:00+00:00,0.0,0
2026-05-01 06:00:00+00:00,0.0,0
2026-05-01 07:00:00+00:00,0.0,0
2026-05-01 08:00:00+00:00,0.0,0
2026-05-01 09:00:00+00:00,0.0,0
2026-05-01 10:00:00+00:00,0.0,0
2026-05-01 11:00:00+00:00,0.0,0
2026-05-01 12:00:00+00:00,0.0,0
2026-05-01 13:00:00+00:00,0.0,0
2026-05-01 14:00:00+00:00,0.0,0
2026-05-01 15:00:00+00:00,0.0,0
2026-05-01 16:00:00+00:00,0.0,0
2026-05-01 17:00:00+00:00,0.0,0
2026-05-01 18:00:00+00:00,0.0,0
2026-05-01 19:00:00+00:00,0.0,0
2026-05-01 20:00:00+00:00,0.0,0
2026-05-01 21:00:00+00:00,0.0,0
2026-05-01 22:00:00+00:00,0.0,0
2026-05-01 23:00:00+00:00,0.0,0
2026-05-02 00:00:00+00:00,0.0,0
2026-05-02 01:00:00+00:00,0.0,0
2026-05-02 02:00:00+00:00,-78.73368749999938,1
2026-05-02 03:00:00+00:00,0.0,0
2026-05-02 04:00:00+00:00,0.0,0
2026-05-02 05:00:00+00:00,0.0,0
2026-05-02 06:00:00+00:00,0.0,0
2026-05-02 07:00:00+00:00,0.0,0
2026-05-02 08:00:00+00:00,0.0,0
2026-05-02 09:00:00+00:00,0.0,0
2026-05-02 10:00:00+00:00,0.0,0
2026-05-02 11:00:00+00:00,0.0,0
2026-05-02 12:00:00+00:00,0.0,0
2026-05-02 13:00:00+00:00,0.0,0
2026-05-02 14:00:00+00:00,0.0,0
2026-05-02 15:00:00+00:00,0.0,0
2026-05-02 16:00:00+00:00,0.0,0
2026-05-02 17:00:00+00:00,0.0,0
2026-05-02 18:00:00+00:00,0.0,0
2026-05-02 19:00:00+00:00,0.0,0
2026-05-02 20:00:00+00:00,0.0,0
2026-05-02 21:00:00+00:00,0.0,0
2026-05-02 22:00:00+00:00,0.0,0
2026-05-02 23:00:00+00:00,0.0,0
2026-05-03 00:00:00+00:00,0.0,0
2026-05-03 01:00:00+00:00,0.0,0
2026-05-03 02:00:00+00:00,106.36363636363636,1
2026-05-03 03:00:00+00:00,0.0,0
2026-05-03 04:00:00+00:00,99.8515227272722,1
2026-05-03 05:00:00+00:00,0.0,0
2026-05-03 06:00:00+00:00,0.0,0
2026-05-03 07:00:00+00:00,0.0,0
2026-05-03 08:00:00+00:00,0.0,0
2026-05-03 09:00:00+00:00,0.0,0
2026-05-03 10:00:00+00:00,0.0,0
2026-05-03 11:00:00+00:00,-101.3144437499998,1
2026-05-03 12:00:00+00:00,0.0,0
2026-05-03 13:00:00+00:00,0.0,0
2026-05-03 14:00:00+00:00,0.0,0
2026-05-03 15:00:00+00:00,0.0,0
2026-05-03 16:00:00+00:00,0.0,0
2026-05-03 17:00:00+00:00,0.0,0
2026-05-03 18:00:00+00:00,0.0,0
2026-05-03 19:00:00+00:00,0.0,0
2026-05-03 20:00:00+00:00,0.0,0
2026-05-03 21:00:00+00:00,0.0,0
2026-05-03 22:00:00+00:00,0.0,0
2026-05-03 23:00:00+00:00,0.0,0
2026-05-04 00:00:00+00:00,0.0,0
2026-05-04 01:00:00+00:00,0.0,0
2026-05-04 02:00:00+00:00,0.0,0
2026-05-04 03:00:00+00:00,0.0,0
2026-05-04 04:00:00+00:00,0.0,0
2026-05-04 05:00:00+00:00,0.0,0
2026-05-04 06:00:00+00:00,0.0,0
2026-05-04 07:00:00+00:00,0.0,0
2026-05-04 08:00:00+00:00,0.0,0
2026-05-04 09:00:00+00:00,0.0,0
2026-05-04 10:00:00+00:00,0.0,0
2026-05-04 11:00:00+00:00,0.0,0
2026-05-04 12:00:00+00:00,0.0,0
2026-05-04 13:00:00+00:00,0.0,0
2026-05-04 14:00:00+00:00,0.0,0
2026-05-04 15:00:00+00:00,0.0,0
2026-05-04 16:00:00+00:00,0.0,0
2026-05-04 17:00:00+00:00,0.0,0
2026-05-04 18:00:00+00:00,0.0,0
2026-05-04 19:00:00+00:00,0.0,0
2026-05-04 20:00:00+00:00,0.0,0
2026-05-04 21:00:00+00:00,0.0,0
2026-05-04 22:00:00+00:00,0.0,0
2026-05-04 23:00:00+00:00,0.0,0
2026-05-05 00:00:00+00:00,0.0,0
2026-05-05 01:00:00+00:00,-86.6639312499995,1
2026-05-05 02:00:00+00:00,0.0,0
2026-05-05 03:00:00+00:00,0.0,0
2026-05-05 04:00:00+00:00,0.0,0
2026-05-05 05:00:00+00:00,0.0,0
2026-05-05 06:00:00+00:00,0.0,0
2026-05-05 07:00:00+00:00,0.0,0
2026-05-05 08:00:00+00:00,0.0,0
2026-05-05 09:00:00+00:00,0.0,0
2026-05-05 10:00:00+00:00,0.0,0
2026-05-05 11:00:00+00:00,0.0,0
2026-05-05 12:00:00+00:00,0.0,0
2026-05-05 13:00:00+00:00,0.0,0
2026-05-05 14:00:00+00:00,0.0,0
2026-05-05 15:00:00+00:00,0.0,0
2026-05-05 16:00:00+00:00,0.0,0
2026-05-05 17:00:00+00:00,0.0,0
2026-05-05 18:00:00+00:00,0.0,0
2026-05-05 19:00:00+00:00,0.0,0
2026-05-05 20:00:00+00:00,0.0,0
2026-05-05 21:00:00+00:00,0.0,0
2026-05-05 22:00:00+00:00,0.0,0
2026-05-05 23:00:00+00:00,0.0,0
2026-05-06 00:00:00+00:00,0.0,0
2026-05-06 01:00:00+00:00,0.0,0
2026-05-06 02:00:00+00:00,0.0,0
2026-05-06 03:00:00+00:00,0.0,0
2026-05-06 04:00:00+00:00,0.0,0
2026-05-06 05:00:00+00:00,0.0,0
2026-05-06 06:00:00+00:00,0.0,0
2026-05-06 07:00:00+00:00,0.0,0
2026-05-06 08:00:00+00:00,0.0,0
2026-05-06 09:00:00+00:00,0.0,0
2026-05-06 10:00:00+00:00,0.0,0
2026-05-06 11:00:00+00:00,0.0,0
2026-05-06 12:00:00+00:00,0.0,0
2026-05-06 13:00:00+00:00,0.0,0
2026-05-06 14:00:00+00:00,0.0,0
2026-05-06 15:00:00+00:00,0.0,0
2026-05-06 16:00:00+00:00,0.0,0
2026-05-06 17:00:00+00:00,0.0,0
2026-05-06 18:00:00+00:00,0.0,0
2026-05-06 19:00:00+00:00,0.0,0
2026-05-06 20:00:00+00:00,98.51665909090858,1
2026-05-06 21:00:00+00:00,0.0,0
2026-05-06 22:00:00+00:00,0.0,0
2026-05-06 23:00:00+00:00,0.0,0
2026-05-07 00:00:00+00:00,0.0,0
2026-05-07 01:00:00+00:00,0.0,0
2026-05-07 02:00:00+00:00,0.0,0
2026-05-07 03:00:00+00:00,0.0,0
2026-05-07 04:00:00+00:00,0.0,0
2026-05-07 05:00:00+00:00,0.0,0
2026-05-07 06:00:00+00:00,0.0,0
2026-05-07 07:00:00+00:00,0.0,0
2026-05-07 08:00:00+00:00,0.0,0
2026-05-07 09:00:00+00:00,0.0,0
2026-05-07 10:00:00+00:00,0.0,0
2026-05-07 11:00:00+00:00,0.0,0
2026-05-07 12:00:00+00:00,0.0,0
2026-05-07 13:00:00+00:00,0.0,0
2026-05-07 14:00:00+00:00,0.0,0
2026-05-07 15:00:00+00:00,0.0,0
2026-05-07 16:00:00+00:00,0.0,0
2026-05-07 17:00:00+00:00,0.0,0
2026-05-07 18:00:00+00:00,0.0,0
2026-05-07 19:00:00+00:00,0.0,0
2026-05-07 20:00:00+00:00,-109.95968749999976,1
2026-05-07 21:00:00+00:00,0.0,0
2026-05-07 22:00:00+00:00,0.0,0
2026-05-07 23:00:00+00:00,0.0,0
2026-05-08 00:00:00+00:00,0.0,0
2026-05-08 01:00:00+00:00,0.0,0
2026-05-08 02:00:00+00:00,0.0,0
2026-05-08 03:00:00+00:00,0.0,0
2026-05-08 04:00:00+00:00,0.0,0
2026-05-08 05:00:00+00:00,0.0,0
2026-05-08 06:00:00+00:00,0.0,0
2026-05-08 07:00:00+00:00,0.0,0
2026-05-08 08:00:00+00:00,0.0,0
2026-05-08 09:00:00+00:00,0.0,0
2026-05-08 10:00:00+00:00,0.0,0
2026-05-08 11:00:00+00:00,0.0,0
2026-05-08 12:00:00+00:00,0.0,0
2026-05-08 13:00:00+00:00,0.0,0
2026-05-08 14:00:00+00:00,0.0,0
2026-05-08 15:00:00+00:00,0.0,0
2026-05-08 16:00:00+00:00,0.0,0
2026-05-08 17:00:00+00:00,-67.93962499999974,1
2026-05-08 18:00:00+00:00,0.0,0
2026-05-08 19:00:00+00:00,0.0,0
2026-05-08 20:00:00+00:00,0.0,0
2026-05-08 21:00:00+00:00,0.0,0
2026-05-08 22:00:00+00:00,0.0,0
2026-05-08 23:00:00+00:00,-76.46356249999994,1
2026-05-09 00:00:00+00:00,0.0,0
2026-05-09 01:00:00+00:00,-181.71529999999888,2
2026-05-09 02:00:00+00:00,94.0327670454539,1
2026-05-09 03:00:00+00:00,0.0,0
2026-05-09 04:00:00+00:00,0.0,0
2026-05-09 05:00:00+00:00,0.0,0
2026-05-09 06:00:00+00:00,0.0,0
2026-05-09 07:00:00+00:00,0.0,0
2026-05-09 08:00:00+00:00,76.80252272727219,1
2026-05-09 09:00:00+00:00,0.0,0
2026-05-09 10:00:00+00:00,0.0,0
2026-05-09 11:00:00+00:00,0.0,0
2026-05-09 12:00:00+00:00,0.0,0
2026-05-09 13:00:00+00:00,0.0,0
2026-05-09 14:00:00+00:00,0.0,0
2026-05-09 15:00:00+00:00,0.0,0
2026-05-09 16:00:00+00:00,0.0,0
2026-05-09 17:00:00+00:00,0.0,0
2026-05-09 18:00:00+00:00,0.0,0
2026-05-09 19:00:00+00:00,0.0,0
2026-05-09 20:00:00+00:00,0.0,0
2026-05-09 21:00:00+00:00,0.0,0
2026-05-09 22:00:00+00:00,0.0,0
2026-05-09 23:00:00+00:00,0.0,0
2026-05-10 00:00:00+00:00,0.0,0
2026-05-10 01:00:00+00:00,0.0,0
2026-05-10 02:00:00+00:00,0.0,0
2026-05-10 03:00:00+00:00,0.0,0
2026-05-10 04:00:00+00:00,0.0,0
2026-05-10 05:00:00+00:00,0.0,0
2026-05-10 06:00:00+00:00,0.0,0
2026-05-10 07:00:00+00:00,0.0,0
2026-05-10 08:00:00+00:00,0.0,0
2026-05-10 09:00:00+00:00,0.0,0
2026-05-10 10:00:00+00:00,0.0,0
2026-05-10 11:00:00+00:00,0.0,0
2026-05-10 12:00:00+00:00,0.0,0
2026-05-10 13:00:00+00:00,0.0,0
2026-05-10 14:00:00+00:00,0.0,0
2026-05-10 15:00:00+00:00,0.0,0
2026-05-10 16:00:00+00:00,-87.87350000000013,1
2026-05-10 17:00:00+00:00,61.196584090909134,1
2026-05-10 18:00:00+00:00,0.0,0
2026-05-10 19:00:00+00:00,0.0,0
2026-05-10 20:00:00+00:00,-92.16479999999925,1
2026-05-10 21:00:00+00:00,0.0,0
2026-05-10 22:00:00+00:00,0.0,0
2026-05-10 23:00:00+00:00,0.0,0
2026-05-11 00:00:00+00:00,0.0,0
2026-05-11 01:00:00+00:00,0.0,0
2026-05-11 02:00:00+00:00,0.0,0
2026-05-11 03:00:00+00:00,0.0,0
2026-05-11 04:00:00+00:00,0.0,0
2026-05-11 05:00:00+00:00,0.0,0
2026-05-11 06:00:00+00:00,0.0,0
2026-05-11 07:00:00+00:00,0.0,0
2026-05-11 08:00:00+00:00,0.0,0
2026-05-11 09:00:00+00:00,0.0,0
2026-05-11 10:00:00+00:00,0.0,0
2026-05-11 11:00:00+00:00,0.0,0
2026-05-11 12:00:00+00:00,0.0,0
2026-05-11 13:00:00+00:00,0.0,0
2026-05-11 14:00:00+00:00,0.0,0
2026-05-11 15:00:00+00:00,0.0,0
2026-05-11 16:00:00+00:00,0.0,0
2026-05-11 17:00:00+00:00,0.0,0
2026-05-11 18:00:00+00:00,0.0,0
2026-05-11 19:00:00+00:00,0.0,0
2026-05-11 20:00:00+00:00,0.0,0
2026-05-11 21:00:00+00:00,0.0,0
2026-05-11 22:00:00+00:00,0.0,0
2026-05-11 23:00:00+00:00,0.0,0
2026-05-12 00:00:00+00:00,0.0,0
2026-05-12 01:00:00+00:00,0.0,0
2026-05-12 02:00:00+00:00,0.0,0
2026-05-12 03:00:00+00:00,0.0,0
2026-05-12 04:00:00+00:00,0.0,0
2026-05-12 05:00:00+00:00,0.0,0
2026-05-12 06:00:00+00:00,0.0,0
2026-05-12 07:00:00+00:00,0.0,0
2026-05-12 08:00:00+00:00,0.0,0
2026-05-12 09:00:00+00:00,0.0,0
2026-05-12 10:00:00+00:00,0.0,0
2026-05-12 11:00:00+00:00,0.0,0
2026-05-12 12:00:00+00:00,0.0,0
2026-05-12 13:00:00+00:00,0.0,0
2026-05-12 14:00:00+00:00,0.0,0
2026-05-12 15:00:00+00:00,0.0,0
2026-05-12 16:00:00+00:00,0.0,0
2026-05-12 17:00:00+00:00,0.0,0
2026-05-12 18:00:00+00:00,0.0,0
2026-05-12 19:00:00+00:00,0.0,0
2026-05-12 20:00:00+00:00,0.0,0
2026-05-12 21:00:00+00:00,0.0,0
2026-05-12 22:00:00+00:00,0.0,0
2026-05-12 23:00:00+00:00,0.0,0
2026-05-13 00:00:00+00:00,0.0,0
2026-05-13 01:00:00+00:00,0.0,0
2026-05-13 02:00:00+00:00,0.0,0
2026-05-13 03:00:00+00:00,0.0,0
2026-05-13 04:00:00+00:00,0.0,0
2026-05-13 05:00:00+00:00,0.0,0
2026-05-13 06:00:00+00:00,0.0,0
2026-05-13 07:00:00+00:00,0.0,0
2026-05-13 08:00:00+00:00,0.0,0
2026-05-13 09:00:00+00:00,0.0,0
2026-05-13 10:00:00+00:00,0.0,0
2026-05-13 11:00:00+00:00,0.0,0
2026-05-13 12:00:00+00:00,0.0,0
2026-05-13 13:00:00+00:00,0.0,0
2026-05-13 14:00:00+00:00,0.0,0
2026-05-13 15:00:00+00:00,0.0,0
2026-05-13 16:00:00+00:00,0.0,0
2026-05-13 17:00:00+00:00,0.0,0
2026-05-13 18:00:00+00:00,0.0,0
2026-05-13 19:00:00+00:00,0.0,0
2026-05-13 20:00:00+00:00,0.0,0
2026-05-13 21:00:00+00:00,0.0,0
2026-05-13 22:00:00+00:00,0.0,0
2026-05-13 23:00:00+00:00,57.56466477272672,1
2026-05-14 00:00:00+00:00,0.0,0
2026-05-14 01:00:00+00:00,0.0,0
2026-05-14 02:00:00+00:00,0.0,0
2026-05-14 03:00:00+00:00,0.0,0
2026-05-14 04:00:00+00:00,0.0,0
2026-05-14 05:00:00+00:00,0.0,0
2026-05-14 06:00:00+00:00,0.0,0
2026-05-14 07:00:00+00:00,0.0,0
2026-05-14 08:00:00+00:00,0.0,0
2026-05-14 09:00:00+00:00,0.0,0
2026-05-14 10:00:00+00:00,0.0,0
2026-05-14 11:00:00+00:00,0.0,0
2026-05-14 12:00:00+00:00,0.0,0
2026-05-14 13:00:00+00:00,0.0,0
2026-05-14 14:00:00+00:00,0.0,0
2026-05-14 15:00:00+00:00,0.0,0
2026-05-14 16:00:00+00:00,0.0,0
2026-05-14 17:00:00+00:00,0.0,0
2026-05-14 18:00:00+00:00,0.0,0
2026-05-14 19:00:00+00:00,0.0,0
2026-05-14 20:00:00+00:00,0.0,0
2026-05-14 21:00:00+00:00,0.0,0
2026-05-14 22:00:00+00:00,0.0,0
2026-05-14 23:00:00+00:00,0.0,0
2026-05-15 00:00:00+00:00,0.0,0
2026-05-15 01:00:00+00:00,0.0,0
2026-05-15 02:00:00+00:00,0.0,0
2026-05-15 03:00:00+00:00,0.0,0
2026-05-15 04:00:00+00:00,0.0,0
2026-05-15 05:00:00+00:00,0.0,0
2026-05-15 06:00:00+00:00,0.0,0
2026-05-15 07:00:00+00:00,0.0,0
2026-05-15 08:00:00+00:00,0.0,0
2026-05-15 09:00:00+00:00,0.0,0
2026-05-15 10:00:00+00:00,0.0,0
2026-05-15 11:00:00+00:00,0.0,0
2026-05-15 12:00:00+00:00,0.0,0
2026-05-15 13:00:00+00:00,0.0,0
2026-05-15 14:00:00+00:00,0.0,0
2026-05-15 15:00:00+00:00,0.0,0
2026-05-15 16:00:00+00:00,0.0,0
2026-05-15 17:00:00+00:00,0.0,0
2026-05-15 18:00:00+00:00,0.0,0
2026-05-15 19:00:00+00:00,0.0,0
2026-05-15 20:00:00+00:00,0.0,0
2026-05-15 21:00:00+00:00,0.0,0
2026-05-15 22:00:00+00:00,0.0,0
2026-05-15 23:00:00+00:00,0.0,0
2026-05-16 00:00:00+00:00,0.0,0
2026-05-16 01:00:00+00:00,0.0,0
2026-05-16 02:00:00+00:00,0.0,0
2026-05-16 03:00:00+00:00,0.0,0
2026-05-16 04:00:00+00:00,0.0,0
2026-05-16 05:00:00+00:00,0.0,0
2026-05-16 06:00:00+00:00,0.0,0
2026-05-16 07:00:00+00:00,0.0,0
2026-05-16 08:00:00+00:00,0.0,0
2026-05-16 09:00:00+00:00,0.0,0
2026-05-16 10:00:00+00:00,0.0,0
2026-05-16 11:00:00+00:00,0.0,0
2026-05-16 12:00:00+00:00,0.0,0
2026-05-16 13:00:00+00:00,0.0,0
2026-05-16 14:00:00+00:00,0.0,0
2026-05-16 15:00:00+00:00,0.0,0
2026-05-16 16:00:00+00:00,0.0,0
2026-05-16 17:00:00+00:00,0.0,0
2026-05-16 18:00:00+00:00,0.0,0
2026-05-16 19:00:00+00:00,0.0,0
2026-05-16 20:00:00+00:00,0.0,0
2026-05-16 21:00:00+00:00,0.0,0
2026-05-16 22:00:00+00:00,0.0,0
2026-05-16 23:00:00+00:00,0.0,0
2026-05-17 00:00:00+00:00,0.0,0
2026-05-17 01:00:00+00:00,0.0,0
2026-05-17 02:00:00+00:00,0.0,0
2026-05-17 03:00:00+00:00,0.0,0
2026-05-17 04:00:00+00:00,0.0,0
2026-05-17 05:00:00+00:00,0.0,0
2026-05-17 06:00:00+00:00,0.0,0
2026-05-17 07:00:00+00:00,0.0,0
2026-05-17 08:00:00+00:00,0.0,0
2026-05-17 09:00:00+00:00,0.0,0
2026-05-17 10:00:00+00:00,0.0,0
2026-05-17 11:00:00+00:00,0.0,0
2026-05-17 12:00:00+00:00,0.0,0
2026-05-17 13:00:00+00:00,0.0,0
2026-05-17 14:00:00+00:00,0.0,0
2026-05-17 15:00:00+00:00,0.0,0
2026-05-17 16:00:00+00:00,0.0,0
2026-05-17 17:00:00+00:00,0.0,0
2026-05-17 18:00:00+00:00,0.0,0
2026-05-17 19:00:00+00:00,0.0,0
2026-05-17 20:00:00+00:00,0.0,0
2026-05-17 21:00:00+00:00,0.0,0
2026-05-17 22:00:00+00:00,0.0,0
2026-05-17 23:00:00+00:00,0.0,0
2026-05-18 00:00:00+00:00,0.0,0
2026-05-18 01:00:00+00:00,0.0,0
2026-05-18 02:00:00+00:00,0.0,0
2026-05-18 03:00:00+00:00,0.0,0
2026-05-18 04:00:00+00:00,0.0,0
2026-05-18 05:00:00+00:00,0.0,0
2026-05-18 06:00:00+00:00,0.0,0
2026-05-18 07:00:00+00:00,0.0,0
2026-05-18 08:00:00+00:00,0.0,0
2026-05-18 09:00:00+00:00,0.0,0
2026-05-18 10:00:00+00:00,0.0,0
2026-05-18 11:00:00+00:00,0.0,0
2026-05-18 12:00:00+00:00,0.0,0
2026-05-18 13:00:00+00:00,0.0,0
2026-05-18 14:00:00+00:00,0.0,0
2026-05-18 15:00:00+00:00,0.0,0
2026-05-18 16:00:00+00:00,0.0,0
2026-05-18 17:00:00+00:00,0.0,0
2026-05-18 18:00:00+00:00,0.0,0
2026-05-18 19:00:00+00:00,0.0,0
2026-05-18 20:00:00+00:00,0.0,0
2026-05-18 21:00:00+00:00,0.0,0
2026-05-18 22:00:00+00:00,0.0,0
2026-05-18 23:00:00+00:00,0.0,0
2026-05-19 00:00:00+00:00,0.0,0
2026-05-19 01:00:00+00:00,0.0,0
2026-05-19 02:00:00+00:00,0.0,0
2026-05-19 03:00:00+00:00,0.0,0
2026-05-19 04:00:00+00:00,0.0,0
2026-05-19 05:00:00+00:00,0.0,0
2026-05-19 06:00:00+00:00,0.0,0
2026-05-19 07:00:00+00:00,0.0,0
2026-05-19 08:00:00+00:00,0.0,0
2026-05-19 09:00:00+00:00,0.0,0
2026-05-19 10:00:00+00:00,0.0,0
2026-05-19 11:00:00+00:00,0.0,0
2026-05-19 12:00:00+00:00,0.0,0
2026-05-19 13:00:00+00:00,0.0,0
2026-05-19 14:00:00+00:00,0.0,0
2026-05-19 15:00:00+00:00,0.0,0
2026-05-19 16:00:00+00:00,0.0,0
2026-05-19 17:00:00+00:00,0.0,0
2026-05-19 18:00:00+00:00,0.0,0
2026-05-19 19:00:00+00:00,0.0,0
2026-05-19 20:00:00+00:00,0.0,0
2026-05-19 21:00:00+00:00,0.0,0
2026-05-19 22:00:00+00:00,0.0,0
2026-05-19 23:00:00+00:00,0.0,0
2026-05-20 00:00:00+00:00,0.0,0
2026-05-20 01:00:00+00:00,0.0,0
2026-05-20 02:00:00+00:00,0.0,0
2026-05-20 03:00:00+00:00,0.0,0
2026-05-20 04:00:00+00:00,0.0,0
2026-05-20 05:00:00+00:00,0.0,0
2026-05-20 06:00:00+00:00,0.0,0
2026-05-20 07:00:00+00:00,0.0,0
2026-05-20 08:00:00+00:00,0.0,0
2026-05-20 09:00:00+00:00,0.0,0
2026-05-20 10:00:00+00:00,0.0,0
2026-05-20 11:00:00+00:00,0.0,0
2026-05-20 12:00:00+00:00,0.0,0
2026-05-20 13:00:00+00:00,0.0,0
2026-05-20 14:00:00+00:00,0.0,0
2026-05-20 15:00:00+00:00,0.0,0
2026-05-20 16:00:00+00:00,0.0,0
2026-05-20 17:00:00+00:00,0.0,0
2026-05-20 18:00:00+00:00,0.0,0
2026-05-20 19:00:00+00:00,0.0,0
2026-05-20 20:00:00+00:00,0.0,0
2026-05-20 21:00:00+00:00,0.0,0
2026-05-20 22:00:00+00:00,0.0,0
2026-05-20 23:00:00+00:00,0.0,0
2026-05-21 00:00:00+00:00,73.49527840909086,1
2026-05-21 01:00:00+00:00,0.0,0
2026-05-21 02:00:00+00:00,0.0,0
2026-05-21 03:00:00+00:00,0.0,0
2026-05-21 04:00:00+00:00,0.0,0
2026-05-21 05:00:00+00:00,0.0,0
2026-05-21 06:00:00+00:00,0.0,0
2026-05-21 07:00:00+00:00,0.0,0
2026-05-21 08:00:00+00:00,0.0,0
2026-05-21 09:00:00+00:00,0.0,0
2026-05-21 10:00:00+00:00,0.0,0
2026-05-21 11:00:00+00:00,0.0,0
2026-05-21 12:00:00+00:00,0.0,0
2026-05-21 13:00:00+00:00,0.0,0
2026-05-21 14:00:00+00:00,0.0,0
2026-05-21 15:00:00+00:00,0.0,0
2026-05-21 16:00:00+00:00,0.0,0
2026-05-21 17:00:00+00:00,0.0,0
2026-05-21 18:00:00+00:00,0.0,0
2026-05-21 19:00:00+00:00,0.0,0
2026-05-21 20:00:00+00:00,0.0,0
2026-05-21 21:00:00+00:00,0.0,0
2026-05-21 22:00:00+00:00,0.0,0
2026-05-21 23:00:00+00:00,0.0,0
2026-05-22 00:00:00+00:00,0.0,0
2026-05-22 01:00:00+00:00,0.0,0
2026-05-22 02:00:00+00:00,0.0,0
2026-05-22 03:00:00+00:00,0.0,0
2026-05-22 04:00:00+00:00,0.0,0
2026-05-22 05:00:00+00:00,0.0,0
2026-05-22 06:00:00+00:00,0.0,0
2026-05-22 07:00:00+00:00,0.0,0
2026-05-22 08:00:00+00:00,0.0,0
2026-05-22 09:00:00+00:00,0.0,0
2026-05-22 10:00:00+00:00,0.0,0
2026-05-22 11:00:00+00:00,0.0,0
2026-05-22 12:00:00+00:00,0.0,0
2026-05-22 13:00:00+00:00,0.0,0
2026-05-22 14:00:00+00:00,0.0,0
2026-05-22 15:00:00+00:00,0.0,0
2026-05-22 16:00:00+00:00,0.0,0
2026-05-22 17:00:00+00:00,0.0,0
2026-05-22 18:00:00+00:00,0.0,0
2026-05-22 19:00:00+00:00,64.21771022727232,1
2026-05-22 20:00:00+00:00,0.0,0
2026-05-22 21:00:00+00:00,0.0,0
2026-05-22 22:00:00+00:00,0.0,0
2026-05-22 23:00:00+00:00,-88.64813749999922,1
2026-05-23 00:00:00+00:00,60.62195454545444,1
2026-05-23 01:00:00+00:00,0.0,0
2026-05-23 02:00:00+00:00,0.0,0
2026-05-23 03:00:00+00:00,0.0,0
2026-05-23 04:00:00+00:00,0.0,0
2026-05-23 05:00:00+00:00,0.0,0
2026-05-23 06:00:00+00:00,0.0,0
2026-05-23 07:00:00+00:00,0.0,0
2026-05-23 08:00:00+00:00,0.0,0
2026-05-23 09:00:00+00:00,0.0,0
2026-05-23 10:00:00+00:00,0.0,0
2026-05-23 11:00:00+00:00,0.0,0
2026-05-23 12:00:00+00:00,0.0,0
2026-05-23 13:00:00+00:00,0.0,0
2026-05-23 14:00:00+00:00,0.0,0
2026-05-23 15:00:00+00:00,0.0,0
2026-05-23 16:00:00+00:00,0.0,0
2026-05-23 17:00:00+00:00,0.0,0
2026-05-23 18:00:00+00:00,0.0,0
2026-05-23 19:00:00+00:00,-69.72818124999961,1
2026-05-23 20:00:00+00:00,73.52253409090872,1
2026-05-23 21:00:00+00:00,0.0,0
2026-05-23 22:00:00+00:00,0.0,0
2026-05-23 23:00:00+00:00,0.0,0
2026-05-24 00:00:00+00:00,0.0,0
2026-05-24 01:00:00+00:00,64.66576704545447,1
2026-05-24 02:00:00+00:00,0.0,0
2026-05-24 03:00:00+00:00,0.0,0
2026-05-24 04:00:00+00:00,0.0,0
2026-05-24 05:00:00+00:00,0.0,0
2026-05-24 06:00:00+00:00,0.0,0
2026-05-24 07:00:00+00:00,0.0,0
2026-05-24 08:00:00+00:00,0.0,0
2026-05-24 09:00:00+00:00,0.0,0
2026-05-24 10:00:00+00:00,0.0,0
2026-05-24 11:00:00+00:00,0.0,0
2026-05-24 12:00:00+00:00,0.0,0
2026-05-24 13:00:00+00:00,0.0,0
2026-05-24 14:00:00+00:00,0.0,0
2026-05-24 15:00:00+00:00,0.0,0
2026-05-24 16:00:00+00:00,0.0,0
2026-05-24 17:00:00+00:00,0.0,0
2026-05-24 18:00:00+00:00,0.0,0
2026-05-24 19:00:00+00:00,0.0,0
2026-05-24 20:00:00+00:00,0.0,0
2026-05-24 21:00:00+00:00,0.0,0
2026-05-24 22:00:00+00:00,0.0,0
2026-05-24 23:00:00+00:00,0.0,0
2026-05-25 00:00:00+00:00,0.0,0
2026-05-25 01:00:00+00:00,0.0,0
2026-05-25 02:00:00+00:00,0.0,0
2026-05-25 03:00:00+00:00,0.0,0
2026-05-25 04:00:00+00:00,-75.59256250000016,1
2026-05-25 05:00:00+00:00,0.0,0
2026-05-25 06:00:00+00:00,0.0,0
2026-05-25 07:00:00+00:00,0.0,0
2026-05-25 08:00:00+00:00,0.0,0
2026-05-25 09:00:00+00:00,0.0,0
2026-05-25 10:00:00+00:00,0.0,0
2026-05-25 11:00:00+00:00,0.0,0
2026-05-25 12:00:00+00:00,0.0,0
2026-05-25 13:00:00+00:00,0.0,0
2026-05-25 14:00:00+00:00,0.0,0
2026-05-25 15:00:00+00:00,0.0,0
2026-05-25 16:00:00+00:00,0.0,0
2026-05-25 17:00:00+00:00,0.0,0
2026-05-25 18:00:00+00:00,0.0,0
2026-05-25 19:00:00+00:00,0.0,0
2026-05-25 20:00:00+00:00,0.0,0
2026-05-25 21:00:00+00:00,0.0,0
2026-05-25 22:00:00+00:00,0.0,0
2026-05-25 23:00:00+00:00,0.0,0
2026-05-26 00:00:00+00:00,0.0,0
2026-05-26 01:00:00+00:00,0.0,0
2026-05-26 02:00:00+00:00,0.0,0
2026-05-26 03:00:00+00:00,0.0,0
2026-05-26 04:00:00+00:00,0.0,0
2026-05-26 05:00:00+00:00,0.0,0
2026-05-26 06:00:00+00:00,0.0,0
2026-05-26 07:00:00+00:00,0.0,0
2026-05-26 08:00:00+00:00,0.0,0
2026-05-26 09:00:00+00:00,0.0,0
2026-05-26 10:00:00+00:00,0.0,0
2026-05-26 11:00:00+00:00,0.0,0
2026-05-26 12:00:00+00:00,0.0,0
2026-05-26 13:00:00+00:00,0.0,0
2026-05-26 14:00:00+00:00,0.0,0
2026-05-26 15:00:00+00:00,0.0,0
2026-05-26 16:00:00+00:00,0.0,0
2026-05-26 17:00:00+00:00,0.0,0
2026-05-26 18:00:00+00:00,0.0,0
2026-05-26 19:00:00+00:00,0.0,0
2026-05-26 20:00:00+00:00,-87.32506250000016,1
2026-05-26 21:00:00+00:00,0.0,0
2026-05-26 22:00:00+00:00,0.0,0
2026-05-26 23:00:00+00:00,0.0,0
2026-05-27 00:00:00+00:00,0.0,0
2026-05-27 01:00:00+00:00,0.0,0
2026-05-27 02:00:00+00:00,0.0,0
2026-05-27 03:00:00+00:00,0.0,0
2026-05-27 04:00:00+00:00,0.0,0
2026-05-27 05:00:00+00:00,0.0,0
2026-05-27 06:00:00+00:00,0.0,0
2026-05-27 07:00:00+00:00,0.0,0
2026-05-27 08:00:00+00:00,0.0,0
2026-05-27 09:00:00+00:00,0.0,0
2026-05-27 10:00:00+00:00,0.0,0
2026-05-27 11:00:00+00:00,0.0,0
2026-05-27 12:00:00+00:00,0.0,0
2026-05-27 13:00:00+00:00,0.0,0
2026-05-27 14:00:00+00:00,0.0,0
2026-05-27 15:00:00+00:00,0.0,0
2026-05-27 16:00:00+00:00,0.0,0
2026-05-27 17:00:00+00:00,0.0,0
2026-05-27 18:00:00+00:00,0.0,0
2026-05-27 19:00:00+00:00,0.0,0
2026-05-27 20:00:00+00:00,0.0,0
2026-05-27 21:00:00+00:00,0.0,0
2026-05-27 22:00:00+00:00,0.0,0
2026-05-27 23:00:00+00:00,0.0,0
2026-05-28 00:00:00+00:00,0.0,0
2026-05-28 01:00:00+00:00,0.0,0
2026-05-28 02:00:00+00:00,0.0,0
2026-05-28 03:00:00+00:00,0.0,0
2026-05-28 04:00:00+00:00,0.0,0
2026-05-28 05:00:00+00:00,0.0,0
2026-05-28 06:00:00+00:00,0.0,0
2026-05-28 07:00:00+00:00,0.0,0
2026-05-28 08:00:00+00:00,0.0,0
2026-05-28 09:00:00+00:00,0.0,0
2026-05-28 10:00:00+00:00,0.0,0
2026-05-28 11:00:00+00:00,0.0,0
2026-05-28 12:00:00+00:00,0.0,0
2026-05-28 13:00:00+00:00,0.0,0
2026-05-28 14:00:00+00:00,0.0,0
2026-05-28 15:00:00+00:00,0.0,0
2026-05-28 16:00:00+00:00,0.0,0
2026-05-28 17:00:00+00:00,0.0,0
2026-05-28 18:00:00+00:00,0.0,0
2026-05-28 19:00:00+00:00,0.0,0
2026-05-28 20:00:00+00:00,0.0,0
2026-05-28 21:00:00+00:00,0.0,0
2026-05-28 22:00:00+00:00,0.0,0
2026-05-28 23:00:00+00:00,58.423883522726506,1
2026-05-29 00:00:00+00:00,0.0,0
2026-05-29 01:00:00+00:00,0.0,0
2026-05-29 02:00:00+00:00,59.64507102272732,1
2026-05-29 03:00:00+00:00,0.0,0
2026-05-29 04:00:00+00:00,0.0,0
2026-05-29 05:00:00+00:00,0.0,0
2026-05-29 06:00:00+00:00,0.0,0
2026-05-29 07:00:00+00:00,0.0,0
2026-05-29 08:00:00+00:00,0.0,0
2026-05-29 09:00:00+00:00,0.0,0
2026-05-29 10:00:00+00:00,0.0,0
2026-05-29 11:00:00+00:00,0.0,0
2026-05-29 12:00:00+00:00,0.0,0
2026-05-29 13:00:00+00:00,0.0,0
2026-05-29 14:00:00+00:00,0.0,0
2026-05-29 15:00:00+00:00,0.0,0
2026-05-29 16:00:00+00:00,58.60835795454538,1
2026-05-29 17:00:00+00:00,0.0,0
2026-05-29 18:00:00+00:00,0.0,0
2026-05-29 19:00:00+00:00,0.0,0
2026-05-29 20:00:00+00:00,0.0,0
2026-05-29 21:00:00+00:00,0.0,0
2026-05-29 22:00:00+00:00,0.0,0
2026-05-29 23:00:00+00:00,-93.95668750000053,1
2026-05-30 00:00:00+00:00,0.0,0
2026-05-30 01:00:00+00:00,-71.7108437499997,1
2026-05-30 02:00:00+00:00,0.0,0
2026-05-30 03:00:00+00:00,0.0,0
2026-05-30 04:00:00+00:00,0.0,0
2026-05-30 05:00:00+00:00,0.0,0
2026-05-30 06:00:00+00:00,0.0,0
2026-05-30 07:00:00+00:00,0.0,0
2026-05-30 08:00:00+00:00,0.0,0
2026-05-30 09:00:00+00:00,0.0,0
2026-05-30 10:00:00+00:00,0.0,0
2026-05-30 11:00:00+00:00,0.0,0
2026-05-30 12:00:00+00:00,0.0,0
2026-05-30 13:00:00+00:00,0.0,0
2026-05-30 14:00:00+00:00,0.0,0
2026-05-30 15:00:00+00:00,0.0,0
2026-05-30 16:00:00+00:00,0.0,0
2026-05-30 17:00:00+00:00,0.0,0
2026-05-30 18:00:00+00:00,0.0,0
2026-05-30 19:00:00+00:00,0.0,0
2026-05-30 20:00:00+00:00,0.0,0
2026-05-30 21:00:00+00:00,0.0,0
2026-05-30 22:00:00+00:00,0.0,0
2026-05-30 23:00:00+00:00,74.17201704545403,1
2026-05-31 00:00:00+00:00,0.0,0
2026-05-31 01:00:00+00:00,0.0,0
2026-05-31 02:00:00+00:00,0.0,0
2026-05-31 03:00:00+00:00,0.0,0
2026-05-31 04:00:00+00:00,68.73617045454544,1
2026-05-31 05:00:00+00:00,0.0,0
2026-05-31 06:00:00+00:00,0.0,0
2026-05-31 07:00:00+00:00,0.0,0
2026-05-31 08:00:00+00:00,0.0,0
2026-05-31 09:00:00+00:00,0.0,0
2026-05-31 10:00:00+00:00,0.0,0
2026-05-31 11:00:00+00:00,0.0,0
2026-05-31 12:00:00+00:00,0.0,0
2026-05-31 13:00:00+00:00,0.0,0
2026-05-31 14:00:00+00:00,0.0,0
2026-05-31 15:00:00+00:00,0.0,0
2026-05-31 16:00:00+00:00,0.0,0
2026-05-31 17:00:00+00:00,0.0,0
2026-05-31 18:00:00+00:00,0.0,0
2026-05-31 19:00:00+00:00,106.36363636363636,1
2026-05-31 20:00:00+00:00,0.0,0
2026-05-31 21:00:00+00:00,0.0,0
2026-05-31 22:00:00+00:00,0.0,0
2026-05-31 23:00:00+00:00,0.0,0
2026-06-01 00:00:00+00:00,0.0,0
2026-06-01 01:00:00+00:00,0.0,0
2026-06-01 02:00:00+00:00,0.0,0
2026-06-01 03:00:00+00:00,0.0,0
2026-06-01 04:00:00+00:00,0.0,0
2026-06-01 05:00:00+00:00,0.0,0
2026-06-01 06:00:00+00:00,0.0,0
2026-06-01 07:00:00+00:00,0.0,0
2026-06-01 08:00:00+00:00,0.0,0
2026-06-01 09:00:00+00:00,0.0,0
2026-06-01 10:00:00+00:00,0.0,0
2026-06-01 11:00:00+00:00,0.0,0
2026-06-01 12:00:00+00:00,0.0,0
2026-06-01 13:00:00+00:00,0.0,0
2026-06-01 14:00:00+00:00,0.0,0
2026-06-01 15:00:00+00:00,0.0,0
2026-06-01 16:00:00+00:00,0.0,0
2026-06-01 17:00:00+00:00,0.0,0
2026-06-01 18:00:00+00:00,0.0,0
2026-06-01 19:00:00+00:00,0.0,0
2026-06-01 20:00:00+00:00,0.0,0
2026-06-01 21:00:00+00:00,0.0,0
2026-06-01 22:00:00+00:00,0.0,0
2026-06-01 23:00:00+00:00,0.0,0
2026-06-02 00:00:00+00:00,0.0,0
2026-06-02 01:00:00+00:00,58.39868863636395,1
2026-06-02 02:00:00+00:00,0.0,0
2026-06-02 03:00:00+00:00,0.0,0
2026-06-02 04:00:00+00:00,0.0,0
2026-06-02 05:00:00+00:00,0.0,0
2026-06-02 06:00:00+00:00,0.0,0
2026-06-02 07:00:00+00:00,0.0,0
2026-06-02 08:00:00+00:00,-77.28743750000017,1
2026-06-02 09:00:00+00:00,0.0,0
2026-06-02 10:00:00+00:00,0.0,0
2026-06-02 11:00:00+00:00,0.0,0
2026-06-02 12:00:00+00:00,0.0,0
2026-06-02 13:00:00+00:00,0.0,0
2026-06-02 14:00:00+00:00,0.0,0
2026-06-02 15:00:00+00:00,0.0,0
2026-06-02 16:00:00+00:00,0.0,0
2026-06-02 17:00:00+00:00,0.0,0
2026-06-02 18:00:00+00:00,0.0,0
2026-06-02 19:00:00+00:00,0.0,0
2026-06-02 20:00:00+00:00,0.0,0
2026-06-02 21:00:00+00:00,0.0,0
2026-06-02 22:00:00+00:00,0.0,0
2026-06-02 23:00:00+00:00,0.0,0
2026-06-03 00:00:00+00:00,0.0,0
2026-06-03 01:00:00+00:00,0.0,0
2026-06-03 02:00:00+00:00,0.0,0
2026-06-03 03:00:00+00:00,0.0,0
2026-06-03 04:00:00+00:00,64.55209090909091,1
2026-06-03 05:00:00+00:00,0.0,0
2026-06-03 06:00:00+00:00,0.0,0
2026-06-03 07:00:00+00:00,0.0,0
2026-06-03 08:00:00+00:00,0.0,0
2026-06-03 09:00:00+00:00,0.0,0
2026-06-03 10:00:00+00:00,0.0,0
2026-06-03 11:00:00+00:00,0.0,0
2026-06-03 12:00:00+00:00,0.0,0
2026-06-03 13:00:00+00:00,0.0,0
2026-06-03 14:00:00+00:00,0.0,0
2026-06-03 15:00:00+00:00,0.0,0
2026-06-03 16:00:00+00:00,0.0,0
2026-06-03 17:00:00+00:00,0.0,0
2026-06-03 18:00:00+00:00,0.0,0
2026-06-03 19:00:00+00:00,-120.76796874999955,1
2026-06-03 20:00:00+00:00,106.36363636363636,1
2026-06-03 21:00:00+00:00,0.0,0
2026-06-03 22:00:00+00:00,0.0,0
2026-06-03 23:00:00+00:00,-81.15688750000031,1
2026-06-04 00:00:00+00:00,-71.00063749999963,1
2026-06-04 01:00:00+00:00,58.09143068181786,1
2026-06-04 02:00:00+00:00,0.0,0
2026-06-04 03:00:00+00:00,0.0,0
2026-06-04 04:00:00+00:00,0.0,0
2026-06-04 05:00:00+00:00,0.0,0
2026-06-04 06:00:00+00:00,0.0,0
2026-06-04 07:00:00+00:00,0.0,0
2026-06-04 08:00:00+00:00,0.0,0
2026-06-04 09:00:00+00:00,0.0,0
2026-06-04 10:00:00+00:00,0.0,0
2026-06-04 11:00:00+00:00,0.0,0
2026-06-04 12:00:00+00:00,0.0,0
2026-06-04 13:00:00+00:00,0.0,0
2026-06-04 14:00:00+00:00,0.0,0
2026-06-04 15:00:00+00:00,0.0,0
2026-06-04 16:00:00+00:00,0.0,0
2026-06-04 17:00:00+00:00,0.0,0
2026-06-04 18:00:00+00:00,0.0,0
2026-06-04 19:00:00+00:00,0.0,0
2026-06-04 20:00:00+00:00,0.0,0
2026-06-04 21:00:00+00:00,0.0,0
2026-06-04 22:00:00+00:00,0.0,0
2026-06-04 23:00:00+00:00,0.0,0
2026-06-05 00:00:00+00:00,0.0,0
2026-06-05 01:00:00+00:00,0.0,0
2026-06-05 02:00:00+00:00,0.0,0
2026-06-05 03:00:00+00:00,0.0,0
2026-06-05 04:00:00+00:00,0.0,0
2026-06-05 05:00:00+00:00,0.0,0
2026-06-05 06:00:00+00:00,0.0,0
2026-06-05 07:00:00+00:00,0.0,0
2026-06-05 08:00:00+00:00,0.0,0
2026-06-05 09:00:00+00:00,0.0,0
2026-06-05 10:00:00+00:00,0.0,0
2026-06-05 11:00:00+00:00,0.0,0
2026-06-05 12:00:00+00:00,0.0,0
2026-06-05 13:00:00+00:00,0.0,0
2026-06-05 14:00:00+00:00,0.0,0
2026-06-05 15:00:00+00:00,0.0,0
2026-06-05 16:00:00+00:00,0.0,0
2026-06-05 17:00:00+00:00,0.0,0
2026-06-05 18:00:00+00:00,0.0,0
2026-06-05 19:00:00+00:00,0.0,0
2026-06-05 20:00:00+00:00,0.0,0
2026-06-05 21:00:00+00:00,0.0,0
2026-06-05 22:00:00+00:00,0.0,0
2026-06-05 23:00:00+00:00,0.0,0
2026-06-06 00:00:00+00:00,0.0,0
2026-06-06 01:00:00+00:00,0.0,0
2026-06-06 02:00:00+00:00,0.0,0
2026-06-06 03:00:00+00:00,0.0,0
2026-06-06 04:00:00+00:00,87.67773920454535,1
2026-06-06 05:00:00+00:00,0.0,0
2026-06-06 06:00:00+00:00,0.0,0
2026-06-06 07:00:00+00:00,0.0,0
2026-06-06 08:00:00+00:00,0.0,0
2026-06-06 09:00:00+00:00,0.0,0
2026-06-06 10:00:00+00:00,0.0,0
2026-06-06 11:00:00+00:00,0.0,0
2026-06-06 12:00:00+00:00,0.0,0
2026-06-06 13:00:00+00:00,0.0,0
2026-06-06 14:00:00+00:00,0.0,0
2026-06-06 15:00:00+00:00,0.0,0
2026-06-06 16:00:00+00:00,0.0,0
2026-06-06 17:00:00+00:00,0.0,0
2026-06-06 18:00:00+00:00,0.0,0
2026-06-06 19:00:00+00:00,0.0,0
2026-06-06 20:00:00+00:00,0.0,0
2026-06-06 21:00:00+00:00,0.0,0
2026-06-06 22:00:00+00:00,0.0,0
2026-06-06 23:00:00+00:00,0.0,0
2026-06-07 00:00:00+00:00,0.0,0
2026-06-07 01:00:00+00:00,0.0,0
2026-06-07 02:00:00+00:00,-96.0033749999994,1
2026-06-07 03:00:00+00:00,0.0,0
2026-06-07 04:00:00+00:00,106.36363636363636,1
2026-06-07 05:00:00+00:00,0.0,0
2026-06-07 06:00:00+00:00,0.0,0
2026-06-07 07:00:00+00:00,-130.0,1
2026-06-07 08:00:00+00:00,0.0,0
2026-06-07 09:00:00+00:00,0.0,0
2026-06-07 10:00:00+00:00,0.0,0
2026-06-07 11:00:00+00:00,0.0,0
2026-06-07 12:00:00+00:00,0.0,0
2026-06-07 13:00:00+00:00,0.0,0
2026-06-07 14:00:00+00:00,0.0,0
2026-06-07 15:00:00+00:00,0.0,0
2026-06-07 16:00:00+00:00,0.0,0
2026-06-07 17:00:00+00:00,0.0,0
2026-06-07 18:00:00+00:00,0.0,0
2026-06-07 19:00:00+00:00,106.36363636363636,1
2026-06-07 20:00:00+00:00,0.0,0
2026-06-07 21:00:00+00:00,0.0,0
2026-06-07 22:00:00+00:00,0.0,0
2026-06-07 23:00:00+00:00,-158.29758750000013,2
2026-06-08 00:00:00+00:00,0.0,0
2026-06-08 01:00:00+00:00,0.0,0
2026-06-08 02:00:00+00:00,0.0,0
2026-06-08 03:00:00+00:00,0.0,0
2026-06-08 04:00:00+00:00,0.0,0
2026-06-08 05:00:00+00:00,0.0,0
2026-06-08 06:00:00+00:00,0.0,0
2026-06-08 07:00:00+00:00,0.0,0
2026-06-08 08:00:00+00:00,0.0,0
2026-06-08 09:00:00+00:00,0.0,0
2026-06-08 10:00:00+00:00,0.0,0
2026-06-08 11:00:00+00:00,0.0,0
2026-06-08 12:00:00+00:00,0.0,0
2026-06-08 13:00:00+00:00,0.0,0
2026-06-08 14:00:00+00:00,0.0,0
2026-06-08 15:00:00+00:00,0.0,0
2026-06-08 16:00:00+00:00,0.0,0
2026-06-08 17:00:00+00:00,0.0,0
2026-06-08 18:00:00+00:00,0.0,0
2026-06-08 19:00:00+00:00,0.0,0
2026-06-08 20:00:00+00:00,0.0,0
2026-06-08 21:00:00+00:00,0.0,0
2026-06-08 22:00:00+00:00,0.0,0
2026-06-08 23:00:00+00:00,0.0,0
2026-06-09 00:00:00+00:00,0.0,0
2026-06-09 01:00:00+00:00,0.0,0
2026-06-09 02:00:00+00:00,0.0,0
2026-06-09 03:00:00+00:00,0.0,0
2026-06-09 04:00:00+00:00,0.0,0
2026-06-09 05:00:00+00:00,0.0,0
2026-06-09 06:00:00+00:00,0.0,0
2026-06-09 07:00:00+00:00,0.0,0
2026-06-09 08:00:00+00:00,0.0,0
2026-06-09 09:00:00+00:00,0.0,0
2026-06-09 10:00:00+00:00,0.0,0
2026-06-09 11:00:00+00:00,0.0,0
2026-06-09 12:00:00+00:00,0.0,0
2026-06-09 13:00:00+00:00,0.0,0
2026-06-09 14:00:00+00:00,0.0,0
2026-06-09 15:00:00+00:00,0.0,0
2026-06-09 16:00:00+00:00,0.0,0
2026-06-09 17:00:00+00:00,0.0,0
2026-06-09 18:00:00+00:00,0.0,0
2026-06-09 19:00:00+00:00,0.0,0
2026-06-09 20:00:00+00:00,0.0,0
2026-06-09 21:00:00+00:00,0.0,0
2026-06-09 22:00:00+00:00,0.0,0
2026-06-09 23:00:00+00:00,0.0,0
2026-06-10 00:00:00+00:00,0.0,0
2026-06-10 01:00:00+00:00,0.0,0
2026-06-10 02:00:00+00:00,0.0,0
2026-06-10 03:00:00+00:00,0.0,0
2026-06-10 04:00:00+00:00,0.0,0
2026-06-10 05:00:00+00:00,0.0,0
2026-06-10 06:00:00+00:00,0.0,0
2026-06-10 07:00:00+00:00,0.0,0
2026-06-10 08:00:00+00:00,0.0,0
2026-06-10 09:00:00+00:00,0.0,0
2026-06-10 10:00:00+00:00,0.0,0
2026-06-10 11:00:00+00:00,0.0,0
2026-06-10 12:00:00+00:00,0.0,0
2026-06-10 13:00:00+00:00,0.0,0
2026-06-10 14:00:00+00:00,0.0,0
2026-06-10 15:00:00+00:00,0.0,0
2026-06-10 16:00:00+00:00,0.0,0
2026-06-10 17:00:00+00:00,0.0,0
2026-06-10 18:00:00+00:00,0.0,0
2026-06-10 19:00:00+00:00,0.0,0
2026-06-10 20:00:00+00:00,0.0,0
2026-06-10 21:00:00+00:00,0.0,0
2026-06-10 22:00:00+00:00,0.0,0
2026-06-10 23:00:00+00:00,0.0,0
2026-06-11 00:00:00+00:00,0.0,0
2026-06-11 01:00:00+00:00,0.0,0
2026-06-11 02:00:00+00:00,0.0,0
2026-06-11 03:00:00+00:00,0.0,0
2026-06-11 04:00:00+00:00,0.0,0
2026-06-11 05:00:00+00:00,0.0,0
2026-06-11 06:00:00+00:00,0.0,0
2026-06-11 07:00:00+00:00,0.0,0
2026-06-11 08:00:00+00:00,0.0,0
2026-06-11 09:00:00+00:00,0.0,0
2026-06-11 10:00:00+00:00,0.0,0
2026-06-11 11:00:00+00:00,0.0,0
2026-06-11 12:00:00+00:00,0.0,0
2026-06-11 13:00:00+00:00,0.0,0
2026-06-11 14:00:00+00:00,0.0,0
2026-06-11 15:00:00+00:00,0.0,0
2026-06-11 16:00:00+00:00,0.0,0
2026-06-11 17:00:00+00:00,0.0,0
2026-06-11 18:00:00+00:00,0.0,0
2026-06-11 19:00:00+00:00,0.0,0
2026-06-11 20:00:00+00:00,0.0,0
2026-06-11 21:00:00+00:00,0.0,0
2026-06-11 22:00:00+00:00,0.0,0
2026-06-11 23:00:00+00:00,95.70486988636372,1
2026-06-12 00:00:00+00:00,61.871328409091525,1
2026-06-12 01:00:00+00:00,0.0,0
2026-06-12 02:00:00+00:00,72.43928693181857,1
2026-06-12 03:00:00+00:00,0.0,0
2026-06-12 04:00:00+00:00,74.29500000000043,1
2026-06-12 05:00:00+00:00,0.0,0
2026-06-12 06:00:00+00:00,0.0,0
2026-06-12 07:00:00+00:00,0.0,0
2026-06-12 08:00:00+00:00,0.0,0
2026-06-12 09:00:00+00:00,0.0,0
2026-06-12 10:00:00+00:00,0.0,0
2026-06-12 11:00:00+00:00,0.0,0
2026-06-12 12:00:00+00:00,0.0,0
2026-06-12 13:00:00+00:00,0.0,0
2026-06-12 14:00:00+00:00,0.0,0
2026-06-12 15:00:00+00:00,0.0,0
2026-06-12 16:00:00+00:00,0.0,0
2026-06-12 17:00:00+00:00,0.0,0
2026-06-12 18:00:00+00:00,0.0,0
2026-06-12 19:00:00+00:00,0.0,0
2026-06-12 20:00:00+00:00,-74.01143749999979,1
2026-06-12 21:00:00+00:00,0.0,0
2026-06-12 22:00:00+00:00,0.0,0
2026-06-12 23:00:00+00:00,-130.0,1
2026-06-13 00:00:00+00:00,0.0,0
2026-06-13 01:00:00+00:00,68.08934659090858,1
2026-06-13 02:00:00+00:00,0.0,0
2026-06-13 03:00:00+00:00,0.0,0
2026-06-13 04:00:00+00:00,0.0,0
2026-06-13 05:00:00+00:00,0.0,0
2026-06-13 06:00:00+00:00,0.0,0
2026-06-13 07:00:00+00:00,0.0,0
2026-06-13 08:00:00+00:00,0.0,0
2026-06-13 09:00:00+00:00,0.0,0
2026-06-13 10:00:00+00:00,0.0,0
2026-06-13 11:00:00+00:00,0.0,0
2026-06-13 12:00:00+00:00,0.0,0
2026-06-13 13:00:00+00:00,0.0,0
2026-06-13 14:00:00+00:00,0.0,0
2026-06-13 15:00:00+00:00,0.0,0
2026-06-13 16:00:00+00:00,0.0,0
2026-06-13 17:00:00+00:00,0.0,0
2026-06-13 18:00:00+00:00,0.0,0
2026-06-13 19:00:00+00:00,79.58127272727239,1
2026-06-13 20:00:00+00:00,0.0,0
2026-06-13 21:00:00+00:00,0.0,0
2026-06-13 22:00:00+00:00,0.0,0
2026-06-13 23:00:00+00:00,0.0,0
2026-06-14 00:00:00+00:00,61.74409090909061,1
2026-06-14 01:00:00+00:00,65.57810113636309,1
2026-06-14 02:00:00+00:00,0.0,0
2026-06-14 03:00:00+00:00,0.0,0
2026-06-14 04:00:00+00:00,0.0,0
2026-06-14 05:00:00+00:00,0.0,0
2026-06-14 06:00:00+00:00,0.0,0
2026-06-14 07:00:00+00:00,0.0,0
2026-06-14 08:00:00+00:00,0.0,0
2026-06-14 09:00:00+00:00,0.0,0
2026-06-14 10:00:00+00:00,0.0,0
2026-06-14 11:00:00+00:00,0.0,0
2026-06-14 12:00:00+00:00,0.0,0
2026-06-14 13:00:00+00:00,0.0,0
2026-06-14 14:00:00+00:00,0.0,0
2026-06-14 15:00:00+00:00,0.0,0
2026-06-14 16:00:00+00:00,0.0,0
2026-06-14 17:00:00+00:00,0.0,0
2026-06-14 18:00:00+00:00,0.0,0
2026-06-14 19:00:00+00:00,106.36363636363636,1
2026-06-14 20:00:00+00:00,0.0,0
2026-06-14 21:00:00+00:00,0.0,0
2026-06-14 22:00:00+00:00,0.0,0
2026-06-14 23:00:00+00:00,186.759255681818,2
2026-06-15 00:00:00+00:00,0.0,0
2026-06-15 01:00:00+00:00,0.0,0
2026-06-15 02:00:00+00:00,0.0,0
2026-06-15 03:00:00+00:00,0.0,0
2026-06-15 04:00:00+00:00,0.0,0
2026-06-15 05:00:00+00:00,0.0,0
2026-06-15 06:00:00+00:00,0.0,0
2026-06-15 07:00:00+00:00,0.0,0
2026-06-15 08:00:00+00:00,0.0,0
2026-06-15 09:00:00+00:00,0.0,0
2026-06-15 10:00:00+00:00,0.0,0
2026-06-15 11:00:00+00:00,0.0,0
2026-06-15 12:00:00+00:00,0.0,0
2026-06-15 13:00:00+00:00,0.0,0
2026-06-15 14:00:00+00:00,0.0,0
2026-06-15 15:00:00+00:00,0.0,0
2026-06-15 16:00:00+00:00,0.0,0
2026-06-15 17:00:00+00:00,0.0,0
2026-06-15 18:00:00+00:00,0.0,0
2026-06-15 19:00:00+00:00,0.0,0
2026-06-15 20:00:00+00:00,0.0,0
2026-06-15 21:00:00+00:00,0.0,0
2026-06-15 22:00:00+00:00,0.0,0
2026-06-15 23:00:00+00:00,0.0,0
2026-06-16 00:00:00+00:00,0.0,0
2026-06-16 01:00:00+00:00,0.0,0
2026-06-16 02:00:00+00:00,0.0,0
2026-06-16 03:00:00+00:00,0.0,0
2026-06-16 04:00:00+00:00,0.0,0
2026-06-16 05:00:00+00:00,0.0,0
2026-06-16 06:00:00+00:00,0.0,0
2026-06-16 07:00:00+00:00,0.0,0
2026-06-16 08:00:00+00:00,0.0,0
2026-06-16 09:00:00+00:00,0.0,0
2026-06-16 10:00:00+00:00,0.0,0
2026-06-16 11:00:00+00:00,0.0,0
2026-06-16 12:00:00+00:00,0.0,0
2026-06-16 13:00:00+00:00,0.0,0
2026-06-16 14:00:00+00:00,0.0,0
2026-06-16 15:00:00+00:00,0.0,0
2026-06-16 16:00:00+00:00,0.0,0
2026-06-16 17:00:00+00:00,0.0,0
2026-06-16 18:00:00+00:00,0.0,0
2026-06-16 19:00:00+00:00,0.0,0
2026-06-16 20:00:00+00:00,0.0,0
2026-06-16 21:00:00+00:00,0.0,0
2026-06-16 22:00:00+00:00,0.0,0
2026-06-16 23:00:00+00:00,98.6881704545447,1
2026-06-17 00:00:00+00:00,0.0,0
2026-06-17 01:00:00+00:00,0.0,0
2026-06-17 02:00:00+00:00,0.0,0
2026-06-17 03:00:00+00:00,0.0,0
2026-06-17 04:00:00+00:00,0.0,0
2026-06-17 05:00:00+00:00,0.0,0
2026-06-17 06:00:00+00:00,0.0,0
2026-06-17 07:00:00+00:00,0.0,0
2026-06-17 08:00:00+00:00,0.0,0
2026-06-17 09:00:00+00:00,0.0,0
2026-06-17 10:00:00+00:00,0.0,0
2026-06-17 11:00:00+00:00,0.0,0
2026-06-17 12:00:00+00:00,0.0,0
2026-06-17 13:00:00+00:00,0.0,0
2026-06-17 14:00:00+00:00,0.0,0
2026-06-17 15:00:00+00:00,0.0,0
2026-06-17 16:00:00+00:00,0.0,0
2026-06-17 17:00:00+00:00,0.0,0
2026-06-17 18:00:00+00:00,0.0,0
2026-06-17 19:00:00+00:00,57.42001022727303,1
2026-06-17 20:00:00+00:00,0.0,0
2026-06-17 21:00:00+00:00,0.0,0
2026-06-17 22:00:00+00:00,0.0,0
2026-06-17 23:00:00+00:00,0.0,0
2026-06-18 00:00:00+00:00,0.0,0
2026-06-18 01:00:00+00:00,0.0,0
2026-06-18 02:00:00+00:00,0.0,0
2026-06-18 03:00:00+00:00,0.0,0
2026-06-18 04:00:00+00:00,64.83461931818144,1
2026-06-18 05:00:00+00:00,0.0,0
2026-06-18 06:00:00+00:00,0.0,0
2026-06-18 07:00:00+00:00,0.0,0
2026-06-18 08:00:00+00:00,0.0,0
2026-06-18 09:00:00+00:00,0.0,0
2026-06-18 10:00:00+00:00,0.0,0
2026-06-18 11:00:00+00:00,0.0,0
2026-06-18 12:00:00+00:00,0.0,0
2026-06-18 13:00:00+00:00,0.0,0
2026-06-18 14:00:00+00:00,0.0,0
2026-06-18 15:00:00+00:00,0.0,0
2026-06-18 16:00:00+00:00,0.0,0
2026-06-18 17:00:00+00:00,0.0,0
2026-06-18 18:00:00+00:00,0.0,0
2026-06-18 19:00:00+00:00,0.0,0
2026-06-18 20:00:00+00:00,0.0,0
2026-06-18 21:00:00+00:00,0.0,0
2026-06-18 22:00:00+00:00,0.0,0
2026-06-18 23:00:00+00:00,0.0,0
2026-06-19 00:00:00+00:00,0.0,0
2026-06-19 01:00:00+00:00,0.0,0
2026-06-19 02:00:00+00:00,0.0,0
2026-06-19 03:00:00+00:00,0.0,0
2026-06-19 04:00:00+00:00,75.37366022727295,1
2026-06-19 05:00:00+00:00,0.0,0
2026-06-19 06:00:00+00:00,0.0,0
2026-06-19 07:00:00+00:00,0.0,0
2026-06-19 08:00:00+00:00,0.0,0
2026-06-19 09:00:00+00:00,0.0,0
2026-06-19 10:00:00+00:00,0.0,0
2026-06-19 11:00:00+00:00,0.0,0
2026-06-19 12:00:00+00:00,0.0,0
2026-06-19 13:00:00+00:00,0.0,0
2026-06-19 14:00:00+00:00,0.0,0
2026-06-19 15:00:00+00:00,0.0,0
2026-06-19 16:00:00+00:00,0.0,0
2026-06-19 17:00:00+00:00,0.0,0
2026-06-19 18:00:00+00:00,0.0,0
2026-06-19 19:00:00+00:00,60.03854999999995,1
2026-06-19 20:00:00+00:00,0.0,0
2026-06-19 21:00:00+00:00,0.0,0
2026-06-19 22:00:00+00:00,0.0,0
2026-06-19 23:00:00+00:00,75.72426136363657,1
2026-06-20 00:00:00+00:00,0.0,0
2026-06-20 01:00:00+00:00,106.36363636363636,1
2026-06-20 02:00:00+00:00,0.0,0
2026-06-20 03:00:00+00:00,0.0,0
2026-06-20 04:00:00+00:00,-115.98055625,1
2026-06-20 05:00:00+00:00,0.0,0
2026-06-20 06:00:00+00:00,0.0,0
2026-06-20 07:00:00+00:00,0.0,0
2026-06-20 08:00:00+00:00,0.0,0
2026-06-20 09:00:00+00:00,0.0,0
2026-06-20 10:00:00+00:00,0.0,0
2026-06-20 11:00:00+00:00,0.0,0
2026-06-20 12:00:00+00:00,0.0,0
2026-06-20 13:00:00+00:00,0.0,0
2026-06-20 14:00:00+00:00,0.0,0
2026-06-20 15:00:00+00:00,0.0,0
2026-06-20 16:00:00+00:00,0.0,0
2026-06-20 17:00:00+00:00,0.0,0
2026-06-20 18:00:00+00:00,0.0,0
2026-06-20 19:00:00+00:00,0.0,0
2026-06-20 20:00:00+00:00,0.0,0
2026-06-20 21:00:00+00:00,0.0,0
2026-06-20 22:00:00+00:00,0.0,0
2026-06-20 23:00:00+00:00,68.65107954545432,1
2026-06-21 00:00:00+00:00,0.0,0
2026-06-21 01:00:00+00:00,0.0,0
2026-06-21 02:00:00+00:00,0.0,0
2026-06-21 03:00:00+00:00,0.0,0
2026-06-21 04:00:00+00:00,0.0,0
2026-06-21 05:00:00+00:00,0.0,0
2026-06-21 06:00:00+00:00,0.0,0
2026-06-21 07:00:00+00:00,0.0,0
2026-06-21 08:00:00+00:00,0.0,0
2026-06-21 09:00:00+00:00,0.0,0
2026-06-21 10:00:00+00:00,0.0,0
2026-06-21 11:00:00+00:00,0.0,0
2026-06-21 12:00:00+00:00,0.0,0
2026-06-21 13:00:00+00:00,0.0,0
2026-06-21 14:00:00+00:00,0.0,0
2026-06-21 15:00:00+00:00,0.0,0
2026-06-21 16:00:00+00:00,0.0,0
2026-06-21 17:00:00+00:00,0.0,0
2026-06-21 18:00:00+00:00,0.0,0
2026-06-21 19:00:00+00:00,0.0,0
2026-06-21 20:00:00+00:00,-73.74493749999934,1
2026-06-21 21:00:00+00:00,0.0,0
2026-06-21 22:00:00+00:00,0.0,0
2026-06-21 23:00:00+00:00,147.97009943181803,2
2026-06-22 00:00:00+00:00,0.0,0
2026-06-22 01:00:00+00:00,0.0,0
2026-06-22 02:00:00+00:00,0.0,0
2026-06-22 03:00:00+00:00,0.0,0
2026-06-22 04:00:00+00:00,0.0,0
2026-06-22 05:00:00+00:00,0.0,0
2026-06-22 06:00:00+00:00,0.0,0
2026-06-22 07:00:00+00:00,0.0,0
2026-06-22 08:00:00+00:00,0.0,0
2026-06-22 09:00:00+00:00,0.0,0
2026-06-22 10:00:00+00:00,0.0,0
2026-06-22 11:00:00+00:00,0.0,0
2026-06-22 12:00:00+00:00,0.0,0
2026-06-22 13:00:00+00:00,0.0,0
2026-06-22 14:00:00+00:00,0.0,0
2026-06-22 15:00:00+00:00,0.0,0
2026-06-22 16:00:00+00:00,0.0,0
2026-06-22 17:00:00+00:00,0.0,0
2026-06-22 18:00:00+00:00,0.0,0
2026-06-22 19:00:00+00:00,0.0,0
2026-06-22 20:00:00+00:00,0.0,0
2026-06-22 21:00:00+00:00,0.0,0
2026-06-22 22:00:00+00:00,0.0,0
2026-06-22 23:00:00+00:00,0.0,0
2026-06-23 00:00:00+00:00,0.0,0
2026-06-23 01:00:00+00:00,0.0,0
2026-06-23 02:00:00+00:00,0.0,0
2026-06-23 03:00:00+00:00,0.0,0
2026-06-23 04:00:00+00:00,-108.04056249999958,1
2026-06-23 05:00:00+00:00,0.0,0
2026-06-23 06:00:00+00:00,0.0,0
2026-06-23 07:00:00+00:00,0.0,0
2026-06-23 08:00:00+00:00,0.0,0
2026-06-23 09:00:00+00:00,0.0,0
2026-06-23 10:00:00+00:00,62.65084090909084,1
2026-06-23 11:00:00+00:00,0.0,0
2026-06-23 12:00:00+00:00,0.0,0
2026-06-23 13:00:00+00:00,0.0,0
2026-06-23 14:00:00+00:00,0.0,0
2026-06-23 15:00:00+00:00,0.0,0
2026-06-23 16:00:00+00:00,0.0,0
2026-06-23 17:00:00+00:00,0.0,0
2026-06-23 18:00:00+00:00,0.0,0
2026-06-23 19:00:00+00:00,0.0,0
2026-06-23 20:00:00+00:00,0.0,0
2026-06-23 21:00:00+00:00,0.0,0
2026-06-23 22:00:00+00:00,0.0,0
2026-06-23 23:00:00+00:00,0.0,0
2026-06-24 00:00:00+00:00,71.6688153409091,1
2026-06-24 01:00:00+00:00,0.0,0
2026-06-24 02:00:00+00:00,0.0,0
2026-06-24 03:00:00+00:00,0.0,0
2026-06-24 04:00:00+00:00,0.0,0
2026-06-24 05:00:00+00:00,0.0,0
2026-06-24 06:00:00+00:00,0.0,0
2026-06-24 07:00:00+00:00,0.0,0
2026-06-24 08:00:00+00:00,0.0,0
2026-06-24 09:00:00+00:00,0.0,0
2026-06-24 10:00:00+00:00,0.0,0
2026-06-24 11:00:00+00:00,0.0,0
2026-06-24 12:00:00+00:00,0.0,0
2026-06-24 13:00:00+00:00,0.0,0
2026-06-24 14:00:00+00:00,0.0,0
2026-06-24 15:00:00+00:00,0.0,0
2026-06-24 16:00:00+00:00,0.0,0
2026-06-24 17:00:00+00:00,0.0,0
2026-06-24 18:00:00+00:00,0.0,0
2026-06-24 19:00:00+00:00,0.0,0
2026-06-24 20:00:00+00:00,0.0,0
2026-06-24 21:00:00+00:00,0.0,0
2026-06-24 22:00:00+00:00,0.0,0
2026-06-24 23:00:00+00:00,0.0,0
2026-06-25 00:00:00+00:00,0.0,0
2026-06-25 01:00:00+00:00,0.0,0
2026-06-25 02:00:00+00:00,0.0,0
2026-06-25 03:00:00+00:00,0.0,0
2026-06-25 04:00:00+00:00,0.0,0
2026-06-25 05:00:00+00:00,0.0,0
2026-06-25 06:00:00+00:00,0.0,0
2026-06-25 07:00:00+00:00,0.0,0
2026-06-25 08:00:00+00:00,0.0,0
2026-06-25 09:00:00+00:00,0.0,0
2026-06-25 10:00:00+00:00,0.0,0
2026-06-25 11:00:00+00:00,0.0,0
2026-06-25 12:00:00+00:00,0.0,0
2026-06-25 13:00:00+00:00,0.0,0
2026-06-25 14:00:00+00:00,0.0,0
2026-06-25 15:00:00+00:00,0.0,0
2026-06-25 16:00:00+00:00,0.0,0
2026-06-25 17:00:00+00:00,0.0,0
2026-06-25 18:00:00+00:00,0.0,0
2026-06-25 19:00:00+00:00,0.0,0
2026-06-25 20:00:00+00:00,73.08418295454554,1
2026-06-25 21:00:00+00:00,0.0,0
2026-06-25 22:00:00+00:00,0.0,0
2026-06-25 23:00:00+00:00,-66.3333124999991,1
2026-06-26 00:00:00+00:00,0.0,0
2026-06-26 01:00:00+00:00,0.0,0
2026-06-26 02:00:00+00:00,134.72390454545538,2
2026-06-26 03:00:00+00:00,0.0,0
2026-06-26 04:00:00+00:00,0.0,0
2026-06-26 05:00:00+00:00,0.0,0
2026-06-26 06:00:00+00:00,0.0,0
2026-06-26 07:00:00+00:00,0.0,0
2026-06-26 08:00:00+00:00,0.0,0
2026-06-26 09:00:00+00:00,0.0,0
2026-06-26 10:00:00+00:00,0.0,0
2026-06-26 11:00:00+00:00,0.0,0
2026-06-26 12:00:00+00:00,0.0,0
2026-06-26 13:00:00+00:00,0.0,0
2026-06-26 14:00:00+00:00,0.0,0
2026-06-26 15:00:00+00:00,0.0,0
2026-06-26 16:00:00+00:00,0.0,0
2026-06-26 17:00:00+00:00,0.0,0
2026-06-26 18:00:00+00:00,0.0,0
2026-06-26 19:00:00+00:00,0.0,0
2026-06-26 20:00:00+00:00,0.0,0
2026-06-26 21:00:00+00:00,0.0,0
2026-06-26 22:00:00+00:00,0.0,0
2026-06-26 23:00:00+00:00,61.321295454545535,1
2026-06-27 00:00:00+00:00,0.0,0
2026-06-27 01:00:00+00:00,0.0,0
2026-06-27 02:00:00+00:00,-5.032034090908482,3
2026-06-27 03:00:00+00:00,0.0,0
2026-06-27 04:00:00+00:00,0.0,0
2026-06-27 05:00:00+00:00,0.0,0
2026-06-27 06:00:00+00:00,0.0,0
2026-06-27 07:00:00+00:00,0.0,0
2026-06-27 08:00:00+00:00,0.0,0
2026-06-27 09:00:00+00:00,0.0,0
2026-06-27 10:00:00+00:00,0.0,0
2026-06-27 11:00:00+00:00,0.0,0
2026-06-27 12:00:00+00:00,0.0,0
2026-06-27 13:00:00+00:00,0.0,0
2026-06-27 14:00:00+00:00,0.0,0
2026-06-27 15:00:00+00:00,0.0,0
2026-06-27 16:00:00+00:00,81.7517556818179,1
2026-06-27 17:00:00+00:00,0.0,0
2026-06-27 18:00:00+00:00,0.0,0
2026-06-27 19:00:00+00:00,59.98683068181805,1
2026-06-27 20:00:00+00:00,0.0,0
2026-06-27 21:00:00+00:00,0.0,0
2026-06-27 22:00:00+00:00,0.0,0
2026-06-27 23:00:00+00:00,0.0,0
2026-06-28 00:00:00+00:00,0.0,0
2026-06-28 01:00:00+00:00,87.05484715909023,1
2026-06-28 02:00:00+00:00,0.0,0
2026-06-28 03:00:00+00:00,0.0,0
2026-06-28 04:00:00+00:00,0.0,0
2026-06-28 05:00:00+00:00,0.0,0
2026-06-28 06:00:00+00:00,0.0,0
2026-06-28 07:00:00+00:00,0.0,0
2026-06-28 08:00:00+00:00,0.0,0
2026-06-28 09:00:00+00:00,0.0,0
2026-06-28 10:00:00+00:00,0.0,0
2026-06-28 11:00:00+00:00,0.0,0
2026-06-28 12:00:00+00:00,0.0,0
2026-06-28 13:00:00+00:00,0.0,0
2026-06-28 14:00:00+00:00,0.0,0
2026-06-28 15:00:00+00:00,0.0,0
2026-06-28 16:00:00+00:00,-65.1685937499992,1
2026-06-28 17:00:00+00:00,72.93952840909037,1
2026-06-28 18:00:00+00:00,0.0,0
2026-06-28 19:00:00+00:00,106.36363636363636,1
2026-06-28 20:00:00+00:00,-130.0,1
2026-06-28 21:00:00+00:00,0.0,0
2026-06-28 22:00:00+00:00,0.0,0
2026-06-28 23:00:00+00:00,0.0,0
2026-06-29 00:00:00+00:00,0.0,0
2026-06-29 01:00:00+00:00,0.0,0
2026-06-29 02:00:00+00:00,0.0,0
2026-06-29 03:00:00+00:00,0.0,0
2026-06-29 04:00:00+00:00,0.0,0
2026-06-29 05:00:00+00:00,0.0,0
2026-06-29 06:00:00+00:00,0.0,0
2026-06-29 07:00:00+00:00,0.0,0
2026-06-29 08:00:00+00:00,0.0,0
2026-06-29 09:00:00+00:00,0.0,0
2026-06-29 10:00:00+00:00,0.0,0
2026-06-29 11:00:00+00:00,0.0,0
2026-06-29 12:00:00+00:00,0.0,0
2026-06-29 13:00:00+00:00,0.0,0
2026-06-29 14:00:00+00:00,0.0,0
2026-06-29 15:00:00+00:00,0.0,0
2026-06-29 16:00:00+00:00,0.0,0
2026-06-29 17:00:00+00:00,0.0,0
2026-06-29 18:00:00+00:00,0.0,0
2026-06-29 19:00:00+00:00,0.0,0
2026-06-29 20:00:00+00:00,0.0,0
2026-06-29 21:00:00+00:00,0.0,0
2026-06-29 22:00:00+00:00,0.0,0
2026-06-29 23:00:00+00:00,0.0,0
2026-06-30 00:00:00+00:00,0.0,0
2026-06-30 01:00:00+00:00,0.0,0
2026-06-30 02:00:00+00:00,0.0,0
2026-06-30 03:00:00+00:00,0.0,0
2026-06-30 04:00:00+00:00,0.0,0
2026-06-30 05:00:00+00:00,0.0,0
2026-06-30 06:00:00+00:00,0.0,0
2026-06-30 07:00:00+00:00,0.0,0
2026-06-30 08:00:00+00:00,0.0,0
2026-06-30 09:00:00+00:00,0.0,0
2026-06-30 10:00:00+00:00,0.0,0
2026-06-30 11:00:00+00:00,0.0,0
2026-06-30 12:00:00+00:00,0.0,0
2026-06-30 13:00:00+00:00,0.0,0
2026-06-30 14:00:00+00:00,0.0,0
2026-06-30 15:00:00+00:00,0.0,0
2026-06-30 16:00:00+00:00,0.0,0
2026-06-30 17:00:00+00:00,0.0,0
2026-06-30 18:00:00+00:00,0.0,0
2026-06-30 19:00:00+00:00,0.0,0
2026-06-30 20:00:00+00:00,0.0,0
2026-06-30 21:00:00+00:00,0.0,0
2026-06-30 22:00:00+00:00,0.0,0
2026-06-30 23:00:00+00:00,0.0,0
2026-07-01 00:00:00+00:00,0.0,0
2026-07-01 01:00:00+00:00,0.0,0
2026-07-01 02:00:00+00:00,0.0,0
2026-07-01 03:00:00+00:00,0.0,0
2026-07-01 04:00:00+00:00,0.0,0
2026-07-01 05:00:00+00:00,0.0,0
2026-07-01 06:00:00+00:00,0.0,0
2026-07-01 07:00:00+00:00,0.0,0
2026-07-01 08:00:00+00:00,0.0,0
2026-07-01 09:00:00+00:00,0.0,0
2026-07-01 10:00:00+00:00,0.0,0
2026-07-01 11:00:00+00:00,0.0,0
2026-07-01 12:00:00+00:00,0.0,0
2026-07-01 13:00:00+00:00,0.0,0
2026-07-01 14:00:00+00:00,0.0,0
2026-07-01 15:00:00+00:00,0.0,0
2026-07-01 16:00:00+00:00,0.0,0
2026-07-01 17:00:00+00:00,0.0,0
2026-07-01 18:00:00+00:00,0.0,0
2026-07-01 19:00:00+00:00,0.0,0
2026-07-01 20:00:00+00:00,0.0,0
2026-07-01 21:00:00+00:00,0.0,0
2026-07-01 22:00:00+00:00,0.0,0
2026-07-01 23:00:00+00:00,0.0,0
2026-07-02 00:00:00+00:00,0.0,0
2026-07-02 01:00:00+00:00,0.0,0
2026-07-02 02:00:00+00:00,0.0,0
2026-07-02 03:00:00+00:00,0.0,0
2026-07-02 04:00:00+00:00,0.0,0
2026-07-02 05:00:00+00:00,0.0,0
2026-07-02 06:00:00+00:00,0.0,0
2026-07-02 07:00:00+00:00,0.0,0
2026-07-02 08:00:00+00:00,0.0,0
2026-07-02 09:00:00+00:00,0.0,0
2026-07-02 10:00:00+00:00,0.0,0
2026-07-02 11:00:00+00:00,0.0,0
2026-07-02 12:00:00+00:00,0.0,0
2026-07-02 13:00:00+00:00,0.0,0
2026-07-02 14:00:00+00:00,0.0,0
2026-07-02 15:00:00+00:00,0.0,0
2026-07-02 16:00:00+00:00,0.0,0
2026-07-02 17:00:00+00:00,0.0,0
2026-07-02 18:00:00+00:00,0.0,0
2026-07-02 19:00:00+00:00,0.0,0
2026-07-02 20:00:00+00:00,0.0,0
2026-07-02 21:00:00+00:00,0.0,0
2026-07-02 22:00:00+00:00,0.0,0
2026-07-02 23:00:00+00:00,81.02363011363592,1
2026-07-03 00:00:00+00:00,0.0,0
2026-07-03 01:00:00+00:00,0.0,0
2026-07-03 02:00:00+00:00,0.0,0
2026-07-03 03:00:00+00:00,0.0,0
2026-07-03 04:00:00+00:00,0.0,0
2026-07-03 05:00:00+00:00,0.0,0
2026-07-03 06:00:00+00:00,0.0,0
2026-07-03 07:00:00+00:00,0.0,0
2026-07-03 08:00:00+00:00,0.0,0
2026-07-03 09:00:00+00:00,0.0,0
2026-07-03 10:00:00+00:00,0.0,0
2026-07-03 11:00:00+00:00,0.0,0
2026-07-03 12:00:00+00:00,0.0,0
2026-07-03 13:00:00+00:00,0.0,0
2026-07-03 14:00:00+00:00,0.0,0
2026-07-03 15:00:00+00:00,0.0,0
2026-07-03 16:00:00+00:00,0.0,0
2026-07-03 17:00:00+00:00,0.0,0
2026-07-03 18:00:00+00:00,0.0,0
2026-07-03 19:00:00+00:00,0.0,0
2026-07-03 20:00:00+00:00,0.0,0
2026-07-03 21:00:00+00:00,0.0,0
2026-07-03 22:00:00+00:00,0.0,0
2026-07-03 23:00:00+00:00,-88.76887500000063,1
2026-07-04 00:00:00+00:00,0.0,0
2026-07-04 01:00:00+00:00,0.0,0
2026-07-04 02:00:00+00:00,0.0,0
2026-07-04 03:00:00+00:00,0.0,0
2026-07-04 04:00:00+00:00,0.0,0
2026-07-04 05:00:00+00:00,0.0,0
2026-07-04 06:00:00+00:00,0.0,0
2026-07-04 07:00:00+00:00,0.0,0
2026-07-04 08:00:00+00:00,0.0,0
2026-07-04 09:00:00+00:00,0.0,0
2026-07-04 10:00:00+00:00,0.0,0
2026-07-04 11:00:00+00:00,0.0,0
2026-07-04 12:00:00+00:00,0.0,0
2026-07-04 13:00:00+00:00,0.0,0
2026-07-04 14:00:00+00:00,0.0,0
2026-07-04 15:00:00+00:00,0.0,0
2026-07-04 16:00:00+00:00,0.0,0
2026-07-04 17:00:00+00:00,81.27976704545472,1
2026-07-04 18:00:00+00:00,0.0,0
2026-07-04 19:00:00+00:00,0.0,0
2026-07-04 20:00:00+00:00,0.0,0
2026-07-04 21:00:00+00:00,0.0,0
2026-07-04 22:00:00+00:00,0.0,0
2026-07-04 23:00:00+00:00,0.0,0
2026-07-05 00:00:00+00:00,0.0,0
2026-07-05 01:00:00+00:00,0.0,0
2026-07-05 02:00:00+00:00,0.0,0
2026-07-05 03:00:00+00:00,0.0,0
2026-07-05 04:00:00+00:00,0.0,0
2026-07-05 05:00:00+00:00,0.0,0
2026-07-05 06:00:00+00:00,0.0,0
2026-07-05 07:00:00+00:00,0.0,0
2026-07-05 08:00:00+00:00,0.0,0
2026-07-05 09:00:00+00:00,0.0,0
2026-07-05 10:00:00+00:00,0.0,0
2026-07-05 11:00:00+00:00,0.0,0
2026-07-05 12:00:00+00:00,0.0,0
2026-07-05 13:00:00+00:00,0.0,0
2026-07-05 14:00:00+00:00,0.0,0
2026-07-05 15:00:00+00:00,0.0,0
2026-07-05 16:00:00+00:00,0.0,0
2026-07-05 17:00:00+00:00,0.0,0
2026-07-05 18:00:00+00:00,0.0,0
2026-07-05 19:00:00+00:00,0.0,0
2026-07-05 20:00:00+00:00,0.0,0
2026-07-05 21:00:00+00:00,0.0,0
2026-07-05 22:00:00+00:00,0.0,0
2026-07-05 23:00:00+00:00,0.0,0
2026-07-06 00:00:00+00:00,0.0,0
2026-07-06 01:00:00+00:00,0.0,0
2026-07-06 02:00:00+00:00,0.0,0
2026-07-06 03:00:00+00:00,0.0,0
2026-07-06 04:00:00+00:00,0.0,0
2026-07-06 05:00:00+00:00,0.0,0
2026-07-06 06:00:00+00:00,0.0,0
2026-07-06 07:00:00+00:00,0.0,0
2026-07-06 08:00:00+00:00,0.0,0
2026-07-06 09:00:00+00:00,0.0,0
2026-07-06 10:00:00+00:00,0.0,0
2026-07-06 11:00:00+00:00,0.0,0
2026-07-06 12:00:00+00:00,0.0,0
2026-07-06 13:00:00+00:00,0.0,0
2026-07-06 14:00:00+00:00,0.0,0
2026-07-06 15:00:00+00:00,0.0,0
2026-07-06 16:00:00+00:00,0.0,0
2026-07-06 17:00:00+00:00,0.0,0
2026-07-06 18:00:00+00:00,0.0,0
2026-07-06 19:00:00+00:00,-72.2759374999995,1
2026-07-06 20:00:00+00:00,0.0,0
2026-07-06 21:00:00+00:00,0.0,0
2026-07-06 22:00:00+00:00,0.0,0
2026-07-06 23:00:00+00:00,0.0,0
2026-07-07 00:00:00+00:00,0.0,0
2026-07-07 01:00:00+00:00,0.0,0
2026-07-07 02:00:00+00:00,-86.55318749999961,1
2026-07-07 03:00:00+00:00,0.0,0
2026-07-07 04:00:00+00:00,0.0,0
2026-07-07 05:00:00+00:00,0.0,0
2026-07-07 06:00:00+00:00,0.0,0
2026-07-07 07:00:00+00:00,0.0,0
2026-07-07 08:00:00+00:00,0.0,0
2026-07-07 09:00:00+00:00,0.0,0
2026-07-07 10:00:00+00:00,0.0,0
2026-07-07 11:00:00+00:00,0.0,0
2026-07-07 12:00:00+00:00,0.0,0
2026-07-07 13:00:00+00:00,0.0,0
2026-07-07 14:00:00+00:00,0.0,0
2026-07-07 15:00:00+00:00,0.0,0
2026-07-07 16:00:00+00:00,0.0,0
2026-07-07 17:00:00+00:00,0.0,0
2026-07-07 18:00:00+00:00,0.0,0
2026-07-07 19:00:00+00:00,0.0,0
2026-07-07 20:00:00+00:00,0.0,0
2026-07-07 21:00:00+00:00,0.0,0
2026-07-07 22:00:00+00:00,0.0,0
2026-07-07 23:00:00+00:00,106.36363636363636,1
2026-07-08 00:00:00+00:00,0.0,0
2026-07-08 01:00:00+00:00,0.0,0
2026-07-08 02:00:00+00:00,0.0,0
2026-07-08 03:00:00+00:00,0.0,0
2026-07-08 04:00:00+00:00,-99.72901249999944,1
2026-07-08 05:00:00+00:00,0.0,0
2026-07-08 06:00:00+00:00,0.0,0
2026-07-08 07:00:00+00:00,0.0,0
2026-07-08 08:00:00+00:00,0.0,0
2026-07-08 09:00:00+00:00,0.0,0
2026-07-08 10:00:00+00:00,0.0,0
2026-07-08 11:00:00+00:00,0.0,0
2026-07-08 12:00:00+00:00,0.0,0
2026-07-08 13:00:00+00:00,0.0,0
2026-07-08 14:00:00+00:00,0.0,0
2026-07-08 15:00:00+00:00,0.0,0
2026-07-08 16:00:00+00:00,0.0,0
2026-07-08 17:00:00+00:00,0.0,0
2026-07-08 18:00:00+00:00,0.0,0
2026-07-08 19:00:00+00:00,0.0,0
2026-07-08 20:00:00+00:00,0.0,0
2026-07-08 21:00:00+00:00,0.0,0
2026-07-08 22:00:00+00:00,0.0,0
2026-07-08 23:00:00+00:00,0.0,0
2026-07-09 00:00:00+00:00,0.0,0
2026-07-09 01:00:00+00:00,0.0,0
2026-07-09 02:00:00+00:00,61.74342613636368,1
2026-07-09 03:00:00+00:00,0.0,0
2026-07-09 04:00:00+00:00,0.0,0
2026-07-09 05:00:00+00:00,0.0,0
2026-07-09 06:00:00+00:00,0.0,0
2026-07-09 07:00:00+00:00,0.0,0
2026-07-09 08:00:00+00:00,0.0,0
2026-07-09 09:00:00+00:00,0.0,0
2026-07-09 10:00:00+00:00,0.0,0
2026-07-09 11:00:00+00:00,0.0,0
2026-07-09 12:00:00+00:00,0.0,0
2026-07-09 13:00:00+00:00,0.0,0
2026-07-09 14:00:00+00:00,0.0,0
2026-07-09 15:00:00+00:00,0.0,0
2026-07-09 16:00:00+00:00,0.0,0
2026-07-09 17:00:00+00:00,0.0,0
2026-07-09 18:00:00+00:00,0.0,0
2026-07-09 19:00:00+00:00,0.0,0
2026-07-09 20:00:00+00:00,0.0,0
2026-07-09 21:00:00+00:00,0.0,0
2026-07-09 22:00:00+00:00,0.0,0
2026-07-09 23:00:00+00:00,0.0,0
2026-07-10 00:00:00+00:00,65.27004545454542,1
2026-07-10 01:00:00+00:00,0.0,0
2026-07-10 02:00:00+00:00,-125.02506249999998,1
2026-07-10 03:00:00+00:00,0.0,0
2026-07-10 04:00:00+00:00,0.0,0
2026-07-10 05:00:00+00:00,0.0,0
2026-07-10 06:00:00+00:00,0.0,0
2026-07-10 07:00:00+00:00,0.0,0
2026-07-10 08:00:00+00:00,0.0,0
2026-07-10 09:00:00+00:00,0.0,0
2026-07-10 10:00:00+00:00,0.0,0
2026-07-10 11:00:00+00:00,0.0,0
2026-07-10 12:00:00+00:00,0.0,0
2026-07-10 13:00:00+00:00,0.0,0
2026-07-10 14:00:00+00:00,0.0,0
2026-07-10 15:00:00+00:00,0.0,0
2026-07-10 16:00:00+00:00,0.0,0
2026-07-10 17:00:00+00:00,0.0,0
2026-07-10 18:00:00+00:00,0.0,0
2026-07-10 19:00:00+00:00,0.0,0
2026-07-10 20:00:00+00:00,0.0,0
2026-07-10 21:00:00+00:00,0.0,0
2026-07-10 22:00:00+00:00,0.0,0
2026-07-10 23:00:00+00:00,89.15267045454506,1
2026-07-11 00:00:00+00:00,0.0,0
2026-07-11 01:00:00+00:00,0.0,0
2026-07-11 02:00:00+00:00,-68.52105000000039,1
2026-07-11 03:00:00+00:00,0.0,0
2026-07-11 04:00:00+00:00,0.0,0
2026-07-11 05:00:00+00:00,0.0,0
2026-07-11 06:00:00+00:00,0.0,0
2026-07-11 07:00:00+00:00,0.0,0
2026-07-11 08:00:00+00:00,0.0,0
2026-07-11 09:00:00+00:00,0.0,0
2026-07-11 10:00:00+00:00,0.0,0
2026-07-11 11:00:00+00:00,0.0,0
2026-07-11 12:00:00+00:00,0.0,0
2026-07-11 13:00:00+00:00,0.0,0
2026-07-11 14:00:00+00:00,0.0,0
2026-07-11 15:00:00+00:00,0.0,0
2026-07-11 16:00:00+00:00,0.0,0
2026-07-11 17:00:00+00:00,0.0,0
2026-07-11 18:00:00+00:00,0.0,0
2026-07-11 19:00:00+00:00,0.0,0
2026-07-11 20:00:00+00:00,0.0,0
2026-07-11 21:00:00+00:00,0.0,0
2026-07-11 22:00:00+00:00,0.0,0
2026-07-11 23:00:00+00:00,106.36363636363636,1
2026-07-12 00:00:00+00:00,80.23607386363678,1
2026-07-12 01:00:00+00:00,0.0,0
2026-07-12 02:00:00+00:00,0.0,0
2026-07-12 03:00:00+00:00,0.0,0
2026-07-12 04:00:00+00:00,0.0,0
2026-07-12 05:00:00+00:00,0.0,0
2026-07-12 06:00:00+00:00,0.0,0
2026-07-12 07:00:00+00:00,0.0,0
2026-07-12 08:00:00+00:00,0.0,0
2026-07-12 09:00:00+00:00,0.0,0
2026-07-12 10:00:00+00:00,0.0,0
2026-07-12 11:00:00+00:00,0.0,0
2026-07-12 12:00:00+00:00,0.0,0
2026-07-12 13:00:00+00:00,0.0,0
2026-07-12 14:00:00+00:00,0.0,0
2026-07-12 15:00:00+00:00,0.0,0
2026-07-12 16:00:00+00:00,0.0,0
2026-07-12 17:00:00+00:00,0.0,0
2026-07-12 18:00:00+00:00,0.0,0
2026-07-12 19:00:00+00:00,0.0,0
2026-07-12 20:00:00+00:00,0.0,0
2026-07-12 21:00:00+00:00,0.0,0
2026-07-12 22:00:00+00:00,0.0,0
2026-07-12 23:00:00+00:00,63.48931875000032,1
2026-07-13 00:00:00+00:00,0.0,0
2026-07-13 01:00:00+00:00,0.0,0
2026-07-13 02:00:00+00:00,0.0,0
2026-07-13 03:00:00+00:00,0.0,0
2026-07-13 04:00:00+00:00,0.0,0
2026-07-13 05:00:00+00:00,0.0,0
2026-07-13 06:00:00+00:00,0.0,0
2026-07-13 07:00:00+00:00,0.0,0
2026-07-13 08:00:00+00:00,0.0,0
2026-07-13 09:00:00+00:00,0.0,0
2026-07-13 10:00:00+00:00,0.0,0
2026-07-13 11:00:00+00:00,0.0,0
2026-07-13 12:00:00+00:00,0.0,0
2026-07-13 13:00:00+00:00,0.0,0
2026-07-13 14:00:00+00:00,0.0,0
2026-07-13 15:00:00+00:00,0.0,0
2026-07-13 16:00:00+00:00,0.0,0
2026-07-13 17:00:00+00:00,0.0,0
2026-07-13 18:00:00+00:00,0.0,0
2026-07-13 19:00:00+00:00,0.0,0
2026-07-13 20:00:00+00:00,0.0,0
2026-07-13 21:00:00+00:00,0.0,0
2026-07-13 22:00:00+00:00,0.0,0
2026-07-13 23:00:00+00:00,0.0,0
2026-07-14 00:00:00+00:00,0.0,0
2026-07-14 01:00:00+00:00,0.0,0
2026-07-14 02:00:00+00:00,0.0,0
2026-07-14 03:00:00+00:00,0.0,0
2026-07-14 04:00:00+00:00,0.0,0
2026-07-14 05:00:00+00:00,0.0,0
2026-07-14 06:00:00+00:00,0.0,0
2026-07-14 07:00:00+00:00,0.0,0
2026-07-14 08:00:00+00:00,0.0,0
2026-07-14 09:00:00+00:00,0.0,0
2026-07-14 10:00:00+00:00,0.0,0
2026-07-14 11:00:00+00:00,0.0,0
2026-07-14 12:00:00+00:00,0.0,0
2026-07-14 13:00:00+00:00,0.0,0
2026-07-14 14:00:00+00:00,0.0,0
2026-07-14 15:00:00+00:00,0.0,0
2026-07-14 16:00:00+00:00,0.0,0
2026-07-14 17:00:00+00:00,0.0,0
2026-07-14 18:00:00+00:00,0.0,0
2026-07-14 19:00:00+00:00,0.0,0
2026-07-14 20:00:00+00:00,0.0,0
2026-07-14 21:00:00+00:00,0.0,0
2026-07-14 22:00:00+00:00,0.0,0
2026-07-14 23:00:00+00:00,268.04261250000025,3
2026-07-15 00:00:00+00:00,0.0,0
2026-07-15 01:00:00+00:00,0.0,0
2026-07-15 02:00:00+00:00,0.0,0
2026-07-15 03:00:00+00:00,0.0,0
2026-07-15 04:00:00+00:00,0.0,0
2026-07-15 05:00:00+00:00,0.0,0
2026-07-15 06:00:00+00:00,0.0,0
2026-07-15 07:00:00+00:00,0.0,0
2026-07-15 08:00:00+00:00,0.0,0
2026-07-15 09:00:00+00:00,0.0,0
2026-07-15 10:00:00+00:00,0.0,0
2026-07-15 11:00:00+00:00,0.0,0
2026-07-15 12:00:00+00:00,0.0,0
2026-07-15 13:00:00+00:00,0.0,0
2026-07-15 14:00:00+00:00,0.0,0
2026-07-15 15:00:00+00:00,0.0,0
2026-07-15 16:00:00+00:00,0.0,0
2026-07-15 17:00:00+00:00,0.0,0
2026-07-15 18:00:00+00:00,0.0,0
2026-07-15 19:00:00+00:00,0.0,0
2026-07-15 20:00:00+00:00,0.0,0
2026-07-15 21:00:00+00:00,0.0,0
2026-07-15 22:00:00+00:00,0.0,0
2026-07-15 23:00:00+00:00,0.0,0
2026-07-16 00:00:00+00:00,0.0,0
2026-07-16 01:00:00+00:00,0.0,0
2026-07-16 02:00:00+00:00,0.0,0
2026-07-16 03:00:00+00:00,0.0,0
2026-07-16 04:00:00+00:00,0.0,0
2026-07-16 05:00:00+00:00,0.0,0
2026-07-16 06:00:00+00:00,0.0,0
2026-07-16 07:00:00+00:00,0.0,0
2026-07-16 08:00:00+00:00,0.0,0
2026-07-16 09:00:00+00:00,0.0,0
2026-07-16 10:00:00+00:00,0.0,0
2026-07-16 11:00:00+00:00,0.0,0
2026-07-16 12:00:00+00:00,0.0,0
2026-07-16 13:00:00+00:00,0.0,0
2026-07-16 14:00:00+00:00,0.0,0
2026-07-16 15:00:00+00:00,0.0,0
2026-07-16 16:00:00+00:00,0.0,0
2026-07-16 17:00:00+00:00,0.0,0
2026-07-16 18:00:00+00:00,0.0,0
2026-07-16 19:00:00+00:00,0.0,0
2026-07-16 20:00:00+00:00,0.0,0
2026-07-16 21:00:00+00:00,0.0,0
2026-07-16 22:00:00+00:00,0.0,0
2026-07-16 23:00:00+00:00,175.764845454546,2
2026-07-17 00:00:00+00:00,0.0,0
2026-07-17 01:00:00+00:00,0.0,0
2026-07-17 02:00:00+00:00,79.89305113636378,1
2026-07-17 03:00:00+00:00,0.0,0
2026-07-17 04:00:00+00:00,0.0,0
2026-07-17 05:00:00+00:00,0.0,0
2026-07-17 06:00:00+00:00,0.0,0
2026-07-17 07:00:00+00:00,0.0,0
2026-07-17 08:00:00+00:00,0.0,0
2026-07-17 09:00:00+00:00,0.0,0
2026-07-17 10:00:00+00:00,0.0,0
2026-07-17 11:00:00+00:00,0.0,0
2026-07-17 12:00:00+00:00,0.0,0
2026-07-17 13:00:00+00:00,0.0,0
2026-07-17 14:00:00+00:00,0.0,0
2026-07-17 15:00:00+00:00,0.0,0
2026-07-17 16:00:00+00:00,0.0,0
2026-07-17 17:00:00+00:00,0.0,0
2026-07-17 18:00:00+00:00,0.0,0
2026-07-17 19:00:00+00:00,0.0,0
2026-07-17 20:00:00+00:00,0.0,0
2026-07-17 21:00:00+00:00,0.0,0
2026-07-17 22:00:00+00:00,0.0,0
2026-07-17 23:00:00+00:00,0.0,0
2026-07-18 00:00:00+00:00,0.0,0
2026-07-18 01:00:00+00:00,0.0,0
2026-07-18 02:00:00+00:00,0.0,0
2026-07-18 03:00:00+00:00,0.0,0
2026-07-18 04:00:00+00:00,0.0,0
2026-07-18 05:00:00+00:00,0.0,0
2026-07-18 06:00:00+00:00,0.0,0
2026-07-18 07:00:00+00:00,0.0,0
2026-07-18 08:00:00+00:00,0.0,0
2026-07-18 09:00:00+00:00,0.0,0
2026-07-18 10:00:00+00:00,0.0,0
2026-07-18 11:00:00+00:00,-70.69318749999998,1
2026-07-18 12:00:00+00:00,0.0,0
2026-07-18 13:00:00+00:00,0.0,0
2026-07-18 14:00:00+00:00,0.0,0
2026-07-18 15:00:00+00:00,0.0,0
2026-07-18 16:00:00+00:00,-90.97237499999994,1
2026-07-18 17:00:00+00:00,-100.94630000000008,1
2026-07-18 18:00:00+00:00,0.0,0
2026-07-18 19:00:00+00:00,0.0,0
2026-07-18 20:00:00+00:00,0.0,0
2026-07-18 21:00:00+00:00,0.0,0
2026-07-18 22:00:00+00:00,0.0,0
2026-07-18 23:00:00+00:00,161.81060113636406,2
2026-07-19 00:00:00+00:00,0.0,0
2026-07-19 01:00:00+00:00,0.0,0
2026-07-19 02:00:00+00:00,72.54465340909083,1
2026-07-19 03:00:00+00:00,0.0,0
2026-07-19 04:00:00+00:00,0.0,0
2026-07-19 05:00:00+00:00,0.0,0
2026-07-19 06:00:00+00:00,0.0,0
2026-07-19 07:00:00+00:00,0.0,0
2026-07-19 08:00:00+00:00,0.0,0
2026-07-19 09:00:00+00:00,0.0,0
2026-07-19 10:00:00+00:00,0.0,0
2026-07-19 11:00:00+00:00,-68.85856250000045,1
2026-07-19 12:00:00+00:00,0.0,0
2026-07-19 13:00:00+00:00,0.0,0
2026-07-19 14:00:00+00:00,0.0,0
2026-07-19 15:00:00+00:00,0.0,0
2026-07-19 16:00:00+00:00,0.0,0
2026-07-19 17:00:00+00:00,0.0,0
2026-07-19 18:00:00+00:00,0.0,0
2026-07-19 19:00:00+00:00,95.66505,1
2026-07-19 20:00:00+00:00,0.0,0
2026-07-19 21:00:00+00:00,0.0,0
2026-07-19 22:00:00+00:00,0.0,0
2026-07-19 23:00:00+00:00,0.0,0
2026-07-20 00:00:00+00:00,0.0,0
2026-07-20 01:00:00+00:00,0.0,0
2026-07-20 02:00:00+00:00,0.0,0
2026-07-20 03:00:00+00:00,0.0,0
2026-07-20 04:00:00+00:00,0.0,0
2026-07-20 05:00:00+00:00,0.0,0
2026-07-20 06:00:00+00:00,0.0,0
2026-07-20 07:00:00+00:00,0.0,0
2026-07-20 08:00:00+00:00,0.0,0
2026-07-20 09:00:00+00:00,0.0,0
2026-07-20 10:00:00+00:00,0.0,0
2026-07-20 11:00:00+00:00,0.0,0
2026-07-20 12:00:00+00:00,0.0,0
2026-07-20 13:00:00+00:00,0.0,0
2026-07-20 14:00:00+00:00,0.0,0
2026-07-20 15:00:00+00:00,0.0,0
2026-07-20 16:00:00+00:00,0.0,0
2026-07-20 17:00:00+00:00,0.0,0
2026-07-20 18:00:00+00:00,0.0,0
2026-07-20 19:00:00+00:00,0.0,0
2026-07-20 20:00:00+00:00,0.0,0
2026-07-20 21:00:00+00:00,0.0,0
2026-07-20 22:00:00+00:00,0.0,0
2026-07-20 23:00:00+00:00,0.0,0
2026-07-21 00:00:00+00:00,71.55015340909101,1
2026-07-21 01:00:00+00:00,0.0,0
2026-07-21 02:00:00+00:00,0.0,0
2026-07-21 03:00:00+00:00,0.0,0
2026-07-21 04:00:00+00:00,0.0,0
2026-07-21 05:00:00+00:00,0.0,0
2026-07-21 06:00:00+00:00,0.0,0
2026-07-21 07:00:00+00:00,0.0,0
2026-07-21 08:00:00+00:00,0.0,0
2026-07-21 09:00:00+00:00,0.0,0
2026-07-21 10:00:00+00:00,0.0,0
2026-07-21 11:00:00+00:00,0.0,0
2026-07-21 12:00:00+00:00,0.0,0
2026-07-21 13:00:00+00:00,0.0,0
2026-07-21 14:00:00+00:00,0.0,0
2026-07-21 15:00:00+00:00,0.0,0
2026-07-21 16:00:00+00:00,0.0,0
2026-07-21 17:00:00+00:00,0.0,0
2026-07-21 18:00:00+00:00,0.0,0
2026-07-21 19:00:00+00:00,0.0,0
2026-07-21 20:00:00+00:00,0.0,0
2026-07-21 21:00:00+00:00,0.0,0
2026-07-21 22:00:00+00:00,0.0,0
2026-07-21 23:00:00+00:00,-130.0,1
2026-07-22 00:00:00+00:00,0.0,0
2026-07-22 01:00:00+00:00,0.0,0
2026-07-22 02:00:00+00:00,0.0,0
2026-07-22 03:00:00+00:00,0.0,0
2026-07-22 04:00:00+00:00,0.0,0
2026-07-22 05:00:00+00:00,0.0,0
2026-07-22 06:00:00+00:00,0.0,0
2026-07-22 07:00:00+00:00,0.0,0
2026-07-22 08:00:00+00:00,0.0,0
2026-07-22 09:00:00+00:00,0.0,0
2026-07-22 10:00:00+00:00,0.0,0
2026-07-22 11:00:00+00:00,0.0,0
2026-07-22 12:00:00+00:00,0.0,0
2026-07-22 13:00:00+00:00,0.0,0
2026-07-22 14:00:00+00:00,0.0,0
2026-07-22 15:00:00+00:00,0.0,0
2026-07-22 16:00:00+00:00,0.0,0
2026-07-22 17:00:00+00:00,0.0,0
2026-07-22 18:00:00+00:00,0.0,0
2026-07-22 19:00:00+00:00,0.0,0
2026-07-22 20:00:00+00:00,0.0,0
2026-07-22 21:00:00+00:00,0.0,0
2026-07-22 22:00:00+00:00,0.0,0
2026-07-22 23:00:00+00:00,0.0,0
2026-07-23 00:00:00+00:00,0.0,0
2026-07-23 01:00:00+00:00,0.0,0
2026-07-23 02:00:00+00:00,0.0,0
2026-07-23 03:00:00+00:00,0.0,0
2026-07-23 04:00:00+00:00,0.0,0
2026-07-23 05:00:00+00:00,0.0,0
2026-07-23 06:00:00+00:00,0.0,0
2026-07-23 07:00:00+00:00,0.0,0
2026-07-23 08:00:00+00:00,0.0,0
2026-07-23 09:00:00+00:00,0.0,0
2026-07-23 10:00:00+00:00,0.0,0
2026-07-23 11:00:00+00:00,0.0,0
2026-07-23 12:00:00+00:00,0.0,0
2026-07-23 13:00:00+00:00,0.0,0
2026-07-23 14:00:00+00:00,0.0,0
2026-07-23 15:00:00+00:00,0.0,0
2026-07-23 16:00:00+00:00,0.0,0
2026-07-23 17:00:00+00:00,0.0,0
2026-07-23 18:00:00+00:00,0.0,0
2026-07-23 19:00:00+00:00,57.764495454545255,1
2026-07-23 20:00:00+00:00,0.0,0
2026-07-23 21:00:00+00:00,0.0,0
2026-07-23 22:00:00+00:00,0.0,0
2026-07-23 23:00:00+00:00,-130.0,1
2026-07-24 00:00:00+00:00,83.93952272727223,1
2026-07-24 01:00:00+00:00,0.0,0
2026-07-24 02:00:00+00:00,101.80376079545418,1
2026-07-24 03:00:00+00:00,0.0,0
2026-07-24 04:00:00+00:00,0.0,0
2026-07-24 05:00:00+00:00,0.0,0
2026-07-24 06:00:00+00:00,0.0,0
2026-07-24 07:00:00+00:00,0.0,0
2026-07-24 08:00:00+00:00,0.0,0
2026-07-24 09:00:00+00:00,0.0,0
2026-07-24 10:00:00+00:00,0.0,0
2026-07-24 11:00:00+00:00,0.0,0
2026-07-24 12:00:00+00:00,0.0,0
2026-07-24 13:00:00+00:00,0.0,0
2026-07-24 14:00:00+00:00,0.0,0
2026-07-24 15:00:00+00:00,0.0,0
2026-07-24 16:00:00+00:00,0.0,0
2026-07-24 17:00:00+00:00,0.0,0
2026-07-24 18:00:00+00:00,0.0,0
2026-07-24 19:00:00+00:00,0.0,0
2026-07-24 20:00:00+00:00,0.0,0
2026-07-24 21:00:00+00:00,0.0,0
2026-07-24 22:00:00+00:00,0.0,0
2026-07-24 23:00:00+00:00,0.0,0
2026-07-25 00:00:00+00:00,0.0,0
2026-07-25 01:00:00+00:00,0.0,0
2026-07-25 02:00:00+00:00,0.0,0
2026-07-25 03:00:00+00:00,0.0,0
2026-07-25 04:00:00+00:00,0.0,0
2026-07-25 05:00:00+00:00,0.0,0
2026-07-25 06:00:00+00:00,0.0,0
2026-07-25 07:00:00+00:00,0.0,0
2026-07-25 08:00:00+00:00,79.27122272727247,1
2026-07-25 09:00:00+00:00,0.0,0
2026-07-25 10:00:00+00:00,0.0,0
2026-07-25 11:00:00+00:00,0.0,0
2026-07-25 12:00:00+00:00,0.0,0
2026-07-25 13:00:00+00:00,0.0,0
2026-07-25 14:00:00+00:00,0.0,0
2026-07-25 15:00:00+00:00,0.0,0
2026-07-25 16:00:00+00:00,0.0,0
2026-07-25 17:00:00+00:00,-68.65665625000074,1
2026-07-25 18:00:00+00:00,0.0,0
2026-07-25 19:00:00+00:00,0.0,0
2026-07-25 20:00:00+00:00,0.0,0
2026-07-25 21:00:00+00:00,0.0,0
2026-07-25 22:00:00+00:00,0.0,0
2026-07-25 23:00:00+00:00,-130.0,1
2026-07-26 00:00:00+00:00,212.7272727272727,2
2026-07-26 01:00:00+00:00,0.0,0
2026-07-26 02:00:00+00:00,-130.0,1
2026-07-26 03:00:00+00:00,0.0,0
2026-07-26 04:00:00+00:00,106.36363636363636,1
2026-07-26 05:00:00+00:00,0.0,0
2026-07-26 06:00:00+00:00,0.0,0
2026-07-26 07:00:00+00:00,0.0,0
2026-07-26 08:00:00+00:00,-96.432375,1
2026-07-26 09:00:00+00:00,0.0,0
2026-07-26 10:00:00+00:00,0.0,0
2026-07-26 11:00:00+00:00,-78.49562500000019,1
2026-07-26 12:00:00+00:00,0.0,0
2026-07-26 13:00:00+00:00,0.0,0
2026-07-26 14:00:00+00:00,0.0,0
2026-07-26 15:00:00+00:00,0.0,0
2026-07-26 16:00:00+00:00,0.0,0
2026-07-26 17:00:00+00:00,0.0,0
2026-07-26 18:00:00+00:00,0.0,0
2026-07-26 19:00:00+00:00,0.0,0
2026-07-26 20:00:00+00:00,0.0,0
2026-07-26 21:00:00+00:00,0.0,0
2026-07-26 22:00:00+00:00,0.0,0
2026-07-26 23:00:00+00:00,106.36363636363636,1
2026-07-27 00:00:00+00:00,0.0,0
2026-07-27 01:00:00+00:00,0.0,0
2026-07-27 02:00:00+00:00,0.0,0
2026-07-27 03:00:00+00:00,0.0,0
2026-07-27 04:00:00+00:00,0.0,0
2026-07-27 05:00:00+00:00,0.0,0
2026-07-27 06:00:00+00:00,0.0,0
2026-07-27 07:00:00+00:00,0.0,0
2026-07-27 08:00:00+00:00,0.0,0
2026-07-27 09:00:00+00:00,0.0,0
2026-07-27 10:00:00+00:00,0.0,0
2026-07-27 11:00:00+00:00,0.0,0
2026-07-27 12:00:00+00:00,0.0,0
2026-07-27 13:00:00+00:00,0.0,0
2026-07-27 14:00:00+00:00,0.0,0
2026-07-27 15:00:00+00:00,0.0,0
2026-07-27 16:00:00+00:00,0.0,0
2026-07-27 17:00:00+00:00,0.0,0
2026-07-27 18:00:00+00:00,0.0,0
2026-07-27 19:00:00+00:00,0.0,0
2026-07-27 20:00:00+00:00,0.0,0
2026-07-27 21:00:00+00:00,0.0,0
2026-07-27 22:00:00+00:00,0.0,0
2026-07-27 23:00:00+00:00,-187.1888687500004,2
2026-07-28 00:00:00+00:00,0.0,0
2026-07-28 01:00:00+00:00,0.0,0
2026-07-28 02:00:00+00:00,83.84844886363584,1
2026-07-28 03:00:00+00:00,0.0,0
2026-07-28 04:00:00+00:00,0.0,0
2026-07-28 05:00:00+00:00,0.0,0
2026-07-28 06:00:00+00:00,0.0,0
2026-07-28 07:00:00+00:00,0.0,0
2026-07-28 08:00:00+00:00,0.0,0
2026-07-28 09:00:00+00:00,0.0,0
2026-07-28 10:00:00+00:00,0.0,0
2026-07-28 11:00:00+00:00,0.0,0
2026-07-28 12:00:00+00:00,0.0,0
2026-07-28 13:00:00+00:00,0.0,0
2026-07-28 14:00:00+00:00,0.0,0
2026-07-28 15:00:00+00:00,0.0,0
2026-07-28 16:00:00+00:00,0.0,0
2026-07-28 17:00:00+00:00,0.0,0
2026-07-28 18:00:00+00:00,0.0,0
2026-07-28 19:00:00+00:00,0.0,0
2026-07-28 20:00:00+00:00,0.0,0
2026-07-28 21:00:00+00:00,0.0,0
2026-07-28 22:00:00+00:00,0.0,0
2026-07-28 23:00:00+00:00,106.36363636363636,1
2026-07-29 00:00:00+00:00,0.0,0
2026-07-29 01:00:00+00:00,0.0,0
2026-07-29 02:00:00+00:00,0.0,0
2026-07-29 03:00:00+00:00,0.0,0
2026-07-29 04:00:00+00:00,0.0,0
2026-07-29 05:00:00+00:00,0.0,0
2026-07-29 06:00:00+00:00,0.0,0
2026-07-29 07:00:00+00:00,0.0,0
2026-07-29 08:00:00+00:00,0.0,0
2026-07-29 09:00:00+00:00,0.0,0
2026-07-29 10:00:00+00:00,0.0,0
2026-07-29 11:00:00+00:00,0.0,0
2026-07-29 12:00:00+00:00,0.0,0
2026-07-29 13:00:00+00:00,0.0,0
2026-07-29 14:00:00+00:00,0.0,0
2026-07-29 15:00:00+00:00,0.0,0
2026-07-29 16:00:00+00:00,0.0,0
2026-07-29 17:00:00+00:00,0.0,0
2026-07-29 18:00:00+00:00,0.0,0
2026-07-29 19:00:00+00:00,0.0,0
2026-07-29 20:00:00+00:00,0.0,0
2026-07-29 21:00:00+00:00,0.0,0
2026-07-29 22:00:00+00:00,0.0,0
2026-07-29 23:00:00+00:00,0.0,0
2026-07-30 00:00:00+00:00,0.0,0
2026-07-30 01:00:00+00:00,0.0,0
2026-07-30 02:00:00+00:00,0.0,0
2026-07-30 03:00:00+00:00,0.0,0
2026-07-30 04:00:00+00:00,0.0,0
2026-07-30 05:00:00+00:00,0.0,0
2026-07-30 06:00:00+00:00,0.0,0
2026-07-30 07:00:00+00:00,0.0,0
2026-07-30 08:00:00+00:00,0.0,0
2026-07-30 09:00:00+00:00,0.0,0
2026-07-30 10:00:00+00:00,0.0,0
2026-07-30 11:00:00+00:00,-71.11926249999942,1
2026-07-30 12:00:00+00:00,0.0,0
2026-07-30 13:00:00+00:00,0.0,0
2026-07-30 14:00:00+00:00,0.0,0
2026-07-30 15:00:00+00:00,0.0,0
2026-07-30 16:00:00+00:00,0.0,0
2026-07-30 17:00:00+00:00,0.0,0
2026-07-30 18:00:00+00:00,0.0,0
2026-07-30 19:00:00+00:00,0.0,0
2026-07-30 20:00:00+00:00,0.0,0
2026-07-30 21:00:00+00:00,0.0,0
2026-07-30 22:00:00+00:00,0.0,0
2026-07-30 23:00:00+00:00,0.0,0
2026-07-31 00:00:00+00:00,0.0,0
2026-07-31 01:00:00+00:00,0.0,0
2026-07-31 02:00:00+00:00,81.5917448863638,1
2026-07-31 03:00:00+00:00,0.0,0
2026-07-31 04:00:00+00:00,0.0,0
2026-07-31 05:00:00+00:00,0.0,0
2026-07-31 06:00:00+00:00,0.0,0
2026-07-31 07:00:00+00:00,0.0,0
2026-07-31 08:00:00+00:00,0.0,0
2026-07-31 09:00:00+00:00,0.0,0
2026-07-31 10:00:00+00:00,0.0,0
2026-07-31 11:00:00+00:00,0.0,0
2026-07-31 12:00:00+00:00,0.0,0
2026-07-31 13:00:00+00:00,0.0,0
2026-07-31 14:00:00+00:00,0.0,0
2026-07-31 15:00:00+00:00,0.0,0
2026-07-31 16:00:00+00:00,0.0,0
2026-07-31 17:00:00+00:00,0.0,0
2026-07-31 18:00:00+00:00,0.0,0
2026-07-31 19:00:00+00:00,0.0,0
2026-07-31 20:00:00+00:00,0.0,0
2026-07-31 21:00:00+00:00,0.0,0
2026-07-31 22:00:00+00:00,0.0,0
2026-07-31 23:00:00+00:00,0.0,0
2026-08-01 00:00:00+00:00,0.0,0
2026-08-01 01:00:00+00:00,0.0,0
2026-08-01 02:00:00+00:00,0.0,0
2026-08-01 03:00:00+00:00,0.0,0
2026-08-01 04:00:00+00:00,0.0,0
2026-08-01 05:00:00+00:00,0.0,0
2026-08-01 06:00:00+00:00,0.0,0
2026-08-01 07:00:00+00:00,0.0,0
2026-08-01 08:00:00+00:00,0.0,0
2026-08-01 09:00:00+00:00,0.0,0
2026-08-01 10:00:00+00:00,0.0,0
2026-08-01 11:00:00+00:00,0.0,0
2026-08-01 12:00:00+00:00,0.0,0
2026-08-01 13:00:00+00:00,0.0,0
2026-08-01 14:00:00+00:00,0.0,0
2026-08-01 15:00:00+00:00,0.0,0
2026-08-01 16:00:00+00:00,0.0,0
2026-08-01 17:00:00+00:00,0.0,0
2026-08-01 18:00:00+00:00,0.0,0
2026-08-01 19:00:00+00:00,104.64253977272764,1
2026-08-01 20:00:00+00:00,0.0,0
2026-08-01 21:00:00+00:00,0.0,0
2026-08-01 22:00:00+00:00,0.0,0
2026-08-01 23:00:00+00:00,0.0,0
2026-08-02 00:00:00+00:00,0.0,0
2026-08-02 01:00:00+00:00,0.0,0
2026-08-02 02:00:00+00:00,0.0,0
2026-08-02 03:00:00+00:00,0.0,0
2026-08-02 04:00:00+00:00,58.40859374999991,1
2026-08-02 05:00:00+00:00,0.0,0
2026-08-02 06:00:00+00:00,0.0,0
2026-08-02 07:00:00+00:00,0.0,0
2026-08-02 08:00:00+00:00,0.0,0
2026-08-02 09:00:00+00:00,0.0,0
2026-08-02 10:00:00+00:00,0.0,0
2026-08-02 11:00:00+00:00,0.0,0
2026-08-02 12:00:00+00:00,0.0,0
2026-08-02 13:00:00+00:00,0.0,0
2026-08-02 14:00:00+00:00,0.0,0
2026-08-02 15:00:00+00:00,0.0,0
2026-08-02 16:00:00+00:00,0.0,0
2026-08-02 17:00:00+00:00,0.0,0
2026-08-02 18:00:00+00:00,0.0,0
2026-08-02 19:00:00+00:00,-69.61662500000016,1
2026-08-02 20:00:00+00:00,0.0,0
2026-08-02 21:00:00+00:00,0.0,0
2026-08-02 22:00:00+00:00,0.0,0
2026-08-02 23:00:00+00:00,104.94434659090923,1
2026-08-03 00:00:00+00:00,0.0,0
2026-08-03 01:00:00+00:00,0.0,0
2026-08-03 02:00:00+00:00,0.0,0
2026-08-03 03:00:00+00:00,0.0,0
2026-08-03 04:00:00+00:00,0.0,0
2026-08-03 05:00:00+00:00,0.0,0
2026-08-03 06:00:00+00:00,0.0,0
2026-08-03 07:00:00+00:00,0.0,0
2026-08-03 08:00:00+00:00,0.0,0
2026-08-03 09:00:00+00:00,0.0,0
2026-08-03 10:00:00+00:00,0.0,0
2026-08-03 11:00:00+00:00,0.0,0
2026-08-03 12:00:00+00:00,0.0,0
2026-08-03 13:00:00+00:00,0.0,0
2026-08-03 14:00:00+00:00,0.0,0
2026-08-03 15:00:00+00:00,0.0,0
2026-08-03 16:00:00+00:00,0.0,0
2026-08-03 17:00:00+00:00,0.0,0
2026-08-03 18:00:00+00:00,0.0,0
2026-08-03 19:00:00+00:00,0.0,0
2026-08-03 20:00:00+00:00,0.0,0
2026-08-03 21:00:00+00:00,0.0,0
2026-08-03 22:00:00+00:00,0.0,0
2026-08-03 23:00:00+00:00,0.0,0
2026-08-04 00:00:00+00:00,0.0,0
2026-08-04 01:00:00+00:00,0.0,0
2026-08-04 02:00:00+00:00,0.0,0
2026-08-04 03:00:00+00:00,0.0,0
2026-08-04 04:00:00+00:00,0.0,0
2026-08-04 05:00:00+00:00,0.0,0
2026-08-04 06:00:00+00:00,0.0,0
2026-08-04 07:00:00+00:00,0.0,0
2026-08-04 08:00:00+00:00,0.0,0
2026-08-04 09:00:00+00:00,0.0,0
2026-08-04 10:00:00+00:00,0.0,0
2026-08-04 11:00:00+00:00,0.0,0
2026-08-04 12:00:00+00:00,0.0,0
2026-08-04 13:00:00+00:00,0.0,0
2026-08-04 14:00:00+00:00,0.0,0
2026-08-04 15:00:00+00:00,79.19371022727269,1
2026-08-04 16:00:00+00:00,0.0,0
2026-08-04 17:00:00+00:00,0.0,0
2026-08-04 18:00:00+00:00,0.0,0
2026-08-04 19:00:00+00:00,0.0,0
2026-08-04 20:00:00+00:00,0.0,0
2026-08-04 21:00:00+00:00,0.0,0
2026-08-04 22:00:00+00:00,0.0,0
2026-08-04 23:00:00+00:00,0.0,0
2026-08-05 00:00:00+00:00,0.0,0
2026-08-05 01:00:00+00:00,0.0,0
2026-08-05 02:00:00+00:00,0.0,0
2026-08-05 03:00:00+00:00,0.0,0
2026-08-05 04:00:00+00:00,0.0,0
2026-08-05 05:00:00+00:00,0.0,0
2026-08-05 06:00:00+00:00,0.0,0
2026-08-05 07:00:00+00:00,0.0,0
2026-08-05 08:00:00+00:00,0.0,0
2026-08-05 09:00:00+00:00,0.0,0
2026-08-05 10:00:00+00:00,0.0,0
2026-08-05 11:00:00+00:00,0.0,0
2026-08-05 12:00:00+00:00,0.0,0
2026-08-05 13:00:00+00:00,0.0,0
2026-08-05 14:00:00+00:00,0.0,0
2026-08-05 15:00:00+00:00,0.0,0
2026-08-05 16:00:00+00:00,0.0,0
2026-08-05 17:00:00+00:00,0.0,0
2026-08-05 18:00:00+00:00,0.0,0
2026-08-05 19:00:00+00:00,80.0828437499995,1
2026-08-05 20:00:00+00:00,0.0,0
2026-08-05 21:00:00+00:00,0.0,0
2026-08-05 22:00:00+00:00,0.0,0
2026-08-05 23:00:00+00:00,0.0,0
2026-08-06 00:00:00+00:00,0.0,0
2026-08-06 01:00:00+00:00,0.0,0
2026-08-06 02:00:00+00:00,0.0,0
2026-08-06 03:00:00+00:00,0.0,0
2026-08-06 04:00:00+00:00,0.0,0
2026-08-06 05:00:00+00:00,0.0,0
2026-08-06 06:00:00+00:00,0.0,0
2026-08-06 07:00:00+00:00,0.0,0
2026-08-06 08:00:00+00:00,0.0,0
2026-08-06 09:00:00+00:00,0.0,0
2026-08-06 10:00:00+00:00,0.0,0
2026-08-06 11:00:00+00:00,0.0,0
2026-08-06 12:00:00+00:00,0.0,0
2026-08-06 13:00:00+00:00,0.0,0
2026-08-06 14:00:00+00:00,0.0,0
2026-08-06 15:00:00+00:00,0.0,0
2026-08-06 16:00:00+00:00,0.0,0
2026-08-06 17:00:00+00:00,0.0,0
2026-08-06 18:00:00+00:00,0.0,0
2026-08-06 19:00:00+00:00,0.0,0
2026-08-06 20:00:00+00:00,0.0,0
2026-08-06 21:00:00+00:00,0.0,0
2026-08-06 22:00:00+00:00,0.0,0
2026-08-06 23:00:00+00:00,-114.90813750000024,1
2026-08-07 00:00:00+00:00,0.0,0
2026-08-07 01:00:00+00:00,0.0,0
2026-08-07 02:00:00+00:00,0.0,0
2026-08-07 03:00:00+00:00,0.0,0
2026-08-07 04:00:00+00:00,106.36363636363636,1
2026-08-07 05:00:00+00:00,0.0,0
2026-08-07 06:00:00+00:00,0.0,0
2026-08-07 07:00:00+00:00,0.0,0
2026-08-07 08:00:00+00:00,0.0,0
2026-08-07 09:00:00+00:00,0.0,0
2026-08-07 10:00:00+00:00,0.0,0
2026-08-07 11:00:00+00:00,0.0,0
2026-08-07 12:00:00+00:00,0.0,0
2026-08-07 13:00:00+00:00,0.0,0
2026-08-07 14:00:00+00:00,0.0,0
2026-08-07 15:00:00+00:00,0.0,0
2026-08-07 16:00:00+00:00,0.0,0
2026-08-07 17:00:00+00:00,0.0,0
2026-08-07 18:00:00+00:00,0.0,0
2026-08-07 19:00:00+00:00,0.0,0
2026-08-07 20:00:00+00:00,0.0,0
2026-08-07 21:00:00+00:00,0.0,0
2026-08-07 22:00:00+00:00,0.0,0
2026-08-07 23:00:00+00:00,0.0,0
2026-08-08 00:00:00+00:00,0.0,0
2026-08-08 01:00:00+00:00,0.0,0
2026-08-08 02:00:00+00:00,0.0,0
2026-08-08 03:00:00+00:00,0.0,0
2026-08-08 04:00:00+00:00,0.0,0
2026-08-08 05:00:00+00:00,0.0,0
2026-08-08 06:00:00+00:00,0.0,0
2026-08-08 07:00:00+00:00,0.0,0
2026-08-08 08:00:00+00:00,0.0,0
2026-08-08 09:00:00+00:00,0.0,0
2026-08-08 10:00:00+00:00,0.0,0
2026-08-08 11:00:00+00:00,0.0,0
2026-08-08 12:00:00+00:00,0.0,0
2026-08-08 13:00:00+00:00,0.0,0
2026-08-08 14:00:00+00:00,0.0,0
2026-08-08 15:00:00+00:00,0.0,0
2026-08-08 16:00:00+00:00,0.0,0
2026-08-08 17:00:00+00:00,55.33767613636399,1
2026-08-08 18:00:00+00:00,0.0,0
2026-08-08 19:00:00+00:00,0.0,0
2026-08-08 20:00:00+00:00,0.0,0
2026-08-08 21:00:00+00:00,0.0,0
2026-08-08 22:00:00+00:00,0.0,0
2026-08-08 23:00:00+00:00,0.0,0
2026-08-09 00:00:00+00:00,0.0,0
2026-08-09 01:00:00+00:00,0.0,0
2026-08-09 02:00:00+00:00,0.0,0
2026-08-09 03:00:00+00:00,0.0,0
2026-08-09 04:00:00+00:00,147.72778977272733,2
2026-08-09 05:00:00+00:00,0.0,0
2026-08-09 06:00:00+00:00,0.0,0
2026-08-09 07:00:00+00:00,0.0,0
2026-08-09 08:00:00+00:00,0.0,0
2026-08-09 09:00:00+00:00,0.0,0
2026-08-09 10:00:00+00:00,0.0,0
2026-08-09 11:00:00+00:00,0.0,0
2026-08-09 12:00:00+00:00,0.0,0
2026-08-09 13:00:00+00:00,0.0,0
2026-08-09 14:00:00+00:00,0.0,0
2026-08-09 15:00:00+00:00,0.0,0
2026-08-09 16:00:00+00:00,0.0,0
2026-08-09 17:00:00+00:00,0.0,0
2026-08-09 18:00:00+00:00,0.0,0
2026-08-09 19:00:00+00:00,0.0,0
2026-08-09 20:00:00+00:00,0.0,0
2026-08-09 21:00:00+00:00,0.0,0
2026-08-09 22:00:00+00:00,0.0,0
2026-08-09 23:00:00+00:00,106.36363636363636,1
2026-08-10 00:00:00+00:00,0.0,0
2026-08-10 01:00:00+00:00,0.0,0
2026-08-10 02:00:00+00:00,0.0,0
2026-08-10 03:00:00+00:00,0.0,0
2026-08-10 04:00:00+00:00,0.0,0
2026-08-10 05:00:00+00:00,0.0,0
2026-08-10 06:00:00+00:00,0.0,0
2026-08-10 07:00:00+00:00,0.0,0
2026-08-10 08:00:00+00:00,0.0,0
2026-08-10 09:00:00+00:00,0.0,0
2026-08-10 10:00:00+00:00,0.0,0
2026-08-10 11:00:00+00:00,0.0,0
2026-08-10 12:00:00+00:00,0.0,0
2026-08-10 13:00:00+00:00,0.0,0
2026-08-10 14:00:00+00:00,0.0,0
2026-08-10 15:00:00+00:00,0.0,0
2026-08-10 16:00:00+00:00,0.0,0
2026-08-10 17:00:00+00:00,0.0,0
2026-08-10 18:00:00+00:00,0.0,0
2026-08-10 19:00:00+00:00,0.0,0
2026-08-10 20:00:00+00:00,0.0,0
2026-08-10 21:00:00+00:00,0.0,0
2026-08-10 22:00:00+00:00,0.0,0
2026-08-10 23:00:00+00:00,0.0,0
2026-08-11 00:00:00+00:00,0.0,0
2026-08-11 01:00:00+00:00,0.0,0
2026-08-11 02:00:00+00:00,0.0,0
2026-08-11 03:00:00+00:00,0.0,0
2026-08-11 04:00:00+00:00,0.0,0
2026-08-11 05:00:00+00:00,0.0,0
2026-08-11 06:00:00+00:00,0.0,0
2026-08-11 07:00:00+00:00,0.0,0
2026-08-11 08:00:00+00:00,0.0,0
2026-08-11 09:00:00+00:00,0.0,0
2026-08-11 10:00:00+00:00,0.0,0
2026-08-11 11:00:00+00:00,0.0,0
2026-08-11 12:00:00+00:00,0.0,0
2026-08-11 13:00:00+00:00,0.0,0
2026-08-11 14:00:00+00:00,0.0,0
2026-08-11 15:00:00+00:00,0.0,0
2026-08-11 16:00:00+00:00,0.0,0
2026-08-11 17:00:00+00:00,0.0,0
2026-08-11 18:00:00+00:00,0.0,0
2026-08-11 19:00:00+00:00,0.0,0
2026-08-11 20:00:00+00:00,0.0,0
2026-08-11 21:00:00+00:00,0.0,0
2026-08-11 22:00:00+00:00,0.0,0
2026-08-11 23:00:00+00:00,56.56883522727232,1
2026-08-12 00:00:00+00:00,0.0,0
2026-08-12 01:00:00+00:00,0.0,0
2026-08-12 02:00:00+00:00,0.0,0
2026-08-12 03:00:00+00:00,0.0,0
2026-08-12 04:00:00+00:00,0.0,0
2026-08-12 05:00:00+00:00,0.0,0
2026-08-12 06:00:00+00:00,0.0,0
2026-08-12 07:00:00+00:00,0.0,0
2026-08-12 08:00:00+00:00,0.0,0
2026-08-12 09:00:00+00:00,0.0,0
2026-08-12 10:00:00+00:00,0.0,0
2026-08-12 11:00:00+00:00,0.0,0
2026-08-12 12:00:00+00:00,0.0,0
2026-08-12 13:00:00+00:00,0.0,0
2026-08-12 14:00:00+00:00,0.0,0
2026-08-12 15:00:00+00:00,0.0,0
2026-08-12 16:00:00+00:00,0.0,0
2026-08-12 17:00:00+00:00,0.0,0
2026-08-12 18:00:00+00:00,0.0,0
2026-08-12 19:00:00+00:00,67.22514204545428,1
2026-08-12 20:00:00+00:00,0.0,0
2026-08-12 21:00:00+00:00,0.0,0
2026-08-12 22:00:00+00:00,0.0,0
2026-08-12 23:00:00+00:00,0.0,0
2026-08-13 00:00:00+00:00,0.0,0
2026-08-13 01:00:00+00:00,0.0,0
2026-08-13 02:00:00+00:00,0.0,0
2026-08-13 03:00:00+00:00,0.0,0
2026-08-13 04:00:00+00:00,0.0,0
2026-08-13 05:00:00+00:00,0.0,0
2026-08-13 06:00:00+00:00,0.0,0
2026-08-13 07:00:00+00:00,0.0,0
2026-08-13 08:00:00+00:00,0.0,0
2026-08-13 09:00:00+00:00,0.0,0
2026-08-13 10:00:00+00:00,0.0,0
2026-08-13 11:00:00+00:00,0.0,0
2026-08-13 12:00:00+00:00,0.0,0
2026-08-13 13:00:00+00:00,0.0,0
2026-08-13 14:00:00+00:00,0.0,0
2026-08-13 15:00:00+00:00,0.0,0
2026-08-13 16:00:00+00:00,0.0,0
2026-08-13 17:00:00+00:00,0.0,0
2026-08-13 18:00:00+00:00,0.0,0
2026-08-13 19:00:00+00:00,0.0,0
2026-08-13 20:00:00+00:00,0.0,0
2026-08-13 21:00:00+00:00,0.0,0
2026-08-13 22:00:00+00:00,0.0,0
2026-08-13 23:00:00+00:00,0.0,0
2026-08-14 00:00:00+00:00,0.0,0
2026-08-14 01:00:00+00:00,0.0,0
2026-08-14 02:00:00+00:00,0.0,0
2026-08-14 03:00:00+00:00,0.0,0
2026-08-14 04:00:00+00:00,0.0,0
2026-08-14 05:00:00+00:00,0.0,0
2026-08-14 06:00:00+00:00,0.0,0
2026-08-14 07:00:00+00:00,0.0,0
2026-08-14 08:00:00+00:00,0.0,0
2026-08-14 09:00:00+00:00,0.0,0
2026-08-14 10:00:00+00:00,0.0,0
2026-08-14 11:00:00+00:00,0.0,0
2026-08-14 12:00:00+00:00,0.0,0
2026-08-14 13:00:00+00:00,0.0,0
2026-08-14 14:00:00+00:00,0.0,0
2026-08-14 15:00:00+00:00,0.0,0
2026-08-14 16:00:00+00:00,0.0,0
2026-08-14 17:00:00+00:00,0.0,0
2026-08-14 18:00:00+00:00,0.0,0
2026-08-14 19:00:00+00:00,0.0,0
2026-08-14 20:00:00+00:00,0.0,0
2026-08-14 21:00:00+00:00,0.0,0
2026-08-14 22:00:00+00:00,0.0,0
2026-08-14 23:00:00+00:00,0.0,0
2026-08-15 00:00:00+00:00,0.0,0
2026-08-15 01:00:00+00:00,0.0,0
2026-08-15 02:00:00+00:00,0.0,0
2026-08-15 03:00:00+00:00,0.0,0
2026-08-15 04:00:00+00:00,0.0,0
2026-08-15 05:00:00+00:00,0.0,0
2026-08-15 06:00:00+00:00,0.0,0
2026-08-15 07:00:00+00:00,0.0,0
2026-08-15 08:00:00+00:00,0.0,0
2026-08-15 09:00:00+00:00,0.0,0
2026-08-15 10:00:00+00:00,0.0,0
2026-08-15 11:00:00+00:00,0.0,0
2026-08-15 12:00:00+00:00,0.0,0
2026-08-15 13:00:00+00:00,0.0,0
2026-08-15 14:00:00+00:00,0.0,0
2026-08-15 15:00:00+00:00,0.0,0
2026-08-15 16:00:00+00:00,0.0,0
2026-08-15 17:00:00+00:00,0.0,0
2026-08-15 18:00:00+00:00,0.0,0
2026-08-15 19:00:00+00:00,106.36363636363636,1
2026-08-15 20:00:00+00:00,0.0,0
2026-08-15 21:00:00+00:00,0.0,0
2026-08-15 22:00:00+00:00,0.0,0
2026-08-15 23:00:00+00:00,0.0,0
2026-08-16 00:00:00+00:00,0.0,0
2026-08-16 01:00:00+00:00,0.0,0
2026-08-16 02:00:00+00:00,0.0,0
2026-08-16 03:00:00+00:00,0.0,0
2026-08-16 04:00:00+00:00,0.0,0
2026-08-16 05:00:00+00:00,0.0,0
2026-08-16 06:00:00+00:00,0.0,0
2026-08-16 07:00:00+00:00,0.0,0
2026-08-16 08:00:00+00:00,0.0,0
2026-08-16 09:00:00+00:00,0.0,0
2026-08-16 10:00:00+00:00,0.0,0
2026-08-16 11:00:00+00:00,0.0,0
2026-08-16 12:00:00+00:00,0.0,0
2026-08-16 13:00:00+00:00,0.0,0
2026-08-16 14:00:00+00:00,0.0,0
2026-08-16 15:00:00+00:00,0.0,0
2026-08-16 16:00:00+00:00,0.0,0
2026-08-16 17:00:00+00:00,0.0,0
2026-08-16 18:00:00+00:00,0.0,0
2026-08-16 19:00:00+00:00,0.0,0
2026-08-16 20:00:00+00:00,0.0,0
2026-08-16 21:00:00+00:00,0.0,0
2026-08-16 22:00:00+00:00,0.0,0
2026-08-16 23:00:00+00:00,0.0,0
2026-08-17 00:00:00+00:00,0.0,0
2026-08-17 01:00:00+00:00,0.0,0
2026-08-17 02:00:00+00:00,0.0,0
2026-08-17 03:00:00+00:00,0.0,0
2026-08-17 04:00:00+00:00,0.0,0
2026-08-17 05:00:00+00:00,0.0,0
2026-08-17 06:00:00+00:00,0.0,0
2026-08-17 07:00:00+00:00,0.0,0
2026-08-17 08:00:00+00:00,0.0,0
2026-08-17 09:00:00+00:00,0.0,0
2026-08-17 10:00:00+00:00,0.0,0
2026-08-17 11:00:00+00:00,0.0,0
2026-08-17 12:00:00+00:00,0.0,0
2026-08-17 13:00:00+00:00,0.0,0
2026-08-17 14:00:00+00:00,0.0,0
2026-08-17 15:00:00+00:00,0.0,0
2026-08-17 16:00:00+00:00,0.0,0
2026-08-17 17:00:00+00:00,0.0,0
2026-08-17 18:00:00+00:00,0.0,0
2026-08-17 19:00:00+00:00,0.0,0
2026-08-17 20:00:00+00:00,0.0,0
2026-08-17 21:00:00+00:00,0.0,0
2026-08-17 22:00:00+00:00,0.0,0
2026-08-17 23:00:00+00:00,177.01269034090933,2
2026-08-18 00:00:00+00:00,0.0,0
2026-08-18 01:00:00+00:00,0.0,0
2026-08-18 02:00:00+00:00,0.0,0
2026-08-18 03:00:00+00:00,0.0,0
2026-08-18 04:00:00+00:00,0.0,0
2026-08-18 05:00:00+00:00,0.0,0
2026-08-18 06:00:00+00:00,0.0,0
2026-08-18 07:00:00+00:00,0.0,0
2026-08-18 08:00:00+00:00,0.0,0
2026-08-18 09:00:00+00:00,0.0,0
2026-08-18 10:00:00+00:00,0.0,0
2026-08-18 11:00:00+00:00,0.0,0
2026-08-18 12:00:00+00:00,0.0,0
2026-08-18 13:00:00+00:00,0.0,0
2026-08-18 14:00:00+00:00,0.0,0
2026-08-18 15:00:00+00:00,0.0,0
2026-08-18 16:00:00+00:00,0.0,0
2026-08-18 17:00:00+00:00,0.0,0
2026-08-18 18:00:00+00:00,0.0,0
2026-08-18 19:00:00+00:00,0.0,0
2026-08-18 20:00:00+00:00,0.0,0
2026-08-18 21:00:00+00:00,0.0,0
2026-08-18 22:00:00+00:00,0.0,0
2026-08-18 23:00:00+00:00,106.36363636363636,1
2026-08-19 00:00:00+00:00,0.0,0
2026-08-19 01:00:00+00:00,0.0,0
2026-08-19 02:00:00+00:00,0.0,0
2026-08-19 03:00:00+00:00,0.0,0
2026-08-19 04:00:00+00:00,0.0,0
2026-08-19 05:00:00+00:00,0.0,0
2026-08-19 06:00:00+00:00,0.0,0
2026-08-19 07:00:00+00:00,0.0,0
2026-08-19 08:00:00+00:00,0.0,0
2026-08-19 09:00:00+00:00,0.0,0
2026-08-19 10:00:00+00:00,0.0,0
2026-08-19 11:00:00+00:00,0.0,0
2026-08-19 12:00:00+00:00,0.0,0
2026-08-19 13:00:00+00:00,0.0,0
2026-08-19 14:00:00+00:00,0.0,0
2026-08-19 15:00:00+00:00,0.0,0
2026-08-19 16:00:00+00:00,0.0,0
2026-08-19 17:00:00+00:00,0.0,0
2026-08-19 18:00:00+00:00,0.0,0
2026-08-19 19:00:00+00:00,0.0,0
2026-08-19 20:00:00+00:00,0.0,0
2026-08-19 21:00:00+00:00,0.0,0
2026-08-19 22:00:00+00:00,0.0,0
2026-08-19 23:00:00+00:00,0.0,0
2026-08-20 00:00:00+00:00,0.0,0
2026-08-20 01:00:00+00:00,0.0,0
2026-08-20 02:00:00+00:00,0.0,0
2026-08-20 03:00:00+00:00,0.0,0
2026-08-20 04:00:00+00:00,0.0,0
2026-08-20 05:00:00+00:00,0.0,0
2026-08-20 06:00:00+00:00,0.0,0
2026-08-20 07:00:00+00:00,0.0,0
2026-08-20 08:00:00+00:00,0.0,0
2026-08-20 09:00:00+00:00,0.0,0
2026-08-20 10:00:00+00:00,0.0,0
2026-08-20 11:00:00+00:00,0.0,0
2026-08-20 12:00:00+00:00,0.0,0
2026-08-20 13:00:00+00:00,0.0,0
2026-08-20 14:00:00+00:00,0.0,0
2026-08-20 15:00:00+00:00,0.0,0
2026-08-20 16:00:00+00:00,59.334289772727416,1
2026-08-20 17:00:00+00:00,0.0,0
2026-08-20 18:00:00+00:00,0.0,0
2026-08-20 19:00:00+00:00,0.0,0
2026-08-20 20:00:00+00:00,0.0,0
2026-08-20 21:00:00+00:00,0.0,0
2026-08-20 22:00:00+00:00,0.0,0
2026-08-20 23:00:00+00:00,0.0,0
2026-08-21 00:00:00+00:00,-96.06642499999955,1
2026-08-21 01:00:00+00:00,0.0,0
2026-08-21 02:00:00+00:00,0.0,0
2026-08-21 03:00:00+00:00,0.0,0
2026-08-21 04:00:00+00:00,0.0,0
2026-08-21 05:00:00+00:00,0.0,0
2026-08-21 06:00:00+00:00,0.0,0
2026-08-21 07:00:00+00:00,0.0,0
2026-08-21 08:00:00+00:00,74.24753522727232,1
2026-08-21 09:00:00+00:00,0.0,0
2026-08-21 10:00:00+00:00,0.0,0
2026-08-21 11:00:00+00:00,0.0,0
2026-08-21 12:00:00+00:00,0.0,0
2026-08-21 13:00:00+00:00,0.0,0
2026-08-21 14:00:00+00:00,0.0,0
2026-08-21 15:00:00+00:00,0.0,0
2026-08-21 16:00:00+00:00,0.0,0
2026-08-21 17:00:00+00:00,0.0,0
2026-08-21 18:00:00+00:00,0.0,0
2026-08-21 19:00:00+00:00,0.0,0
2026-08-21 20:00:00+00:00,0.0,0
2026-08-21 21:00:00+00:00,0.0,0
2026-08-21 22:00:00+00:00,0.0,0
2026-08-21 23:00:00+00:00,-123.11812499999972,1
2026-08-22 00:00:00+00:00,0.0,0
2026-08-22 01:00:00+00:00,0.0,0
2026-08-22 02:00:00+00:00,0.0,0
2026-08-22 03:00:00+00:00,0.0,0
2026-08-22 04:00:00+00:00,0.0,0
2026-08-22 05:00:00+00:00,0.0,0
2026-08-22 06:00:00+00:00,0.0,0
2026-08-22 07:00:00+00:00,0.0,0
2026-08-22 08:00:00+00:00,0.0,0
2026-08-22 09:00:00+00:00,0.0,0
2026-08-22 10:00:00+00:00,0.0,0
2026-08-22 11:00:00+00:00,0.0,0
2026-08-22 12:00:00+00:00,0.0,0
2026-08-22 13:00:00+00:00,0.0,0
2026-08-22 14:00:00+00:00,0.0,0
2026-08-22 15:00:00+00:00,0.0,0
2026-08-22 16:00:00+00:00,0.0,0
2026-08-22 17:00:00+00:00,0.0,0
2026-08-22 18:00:00+00:00,0.0,0
2026-08-22 19:00:00+00:00,0.0,0
2026-08-22 20:00:00+00:00,0.0,0
2026-08-22 21:00:00+00:00,0.0,0
2026-08-22 22:00:00+00:00,0.0,0
2026-08-22 23:00:00+00:00,0.0,0
2026-08-23 00:00:00+00:00,0.0,0
2026-08-23 01:00:00+00:00,0.0,0
2026-08-23 02:00:00+00:00,0.0,0
2026-08-23 03:00:00+00:00,0.0,0
2026-08-23 04:00:00+00:00,0.0,0
2026-08-23 05:00:00+00:00,0.0,0
2026-08-23 06:00:00+00:00,0.0,0
2026-08-23 07:00:00+00:00,0.0,0
2026-08-23 08:00:00+00:00,0.0,0
2026-08-23 09:00:00+00:00,0.0,0
2026-08-23 10:00:00+00:00,0.0,0
2026-08-23 11:00:00+00:00,0.0,0
2026-08-23 12:00:00+00:00,0.0,0
2026-08-23 13:00:00+00:00,0.0,0
2026-08-23 14:00:00+00:00,0.0,0
2026-08-23 15:00:00+00:00,0.0,0
2026-08-23 16:00:00+00:00,0.0,0
2026-08-23 17:00:00+00:00,0.0,0
2026-08-23 18:00:00+00:00,0.0,0
2026-08-23 19:00:00+00:00,0.0,0
2026-08-23 20:00:00+00:00,0.0,0
2026-08-23 21:00:00+00:00,0.0,0
2026-08-23 22:00:00+00:00,0.0,0
2026-08-23 23:00:00+00:00,-127.25131249999994,1
2026-08-24 00:00:00+00:00,0.0,0
2026-08-24 01:00:00+00:00,0.0,0
2026-08-24 02:00:00+00:00,0.0,0
2026-08-24 03:00:00+00:00,0.0,0
2026-08-24 04:00:00+00:00,0.0,0
2026-08-24 05:00:00+00:00,0.0,0
2026-08-24 06:00:00+00:00,0.0,0
2026-08-24 07:00:00+00:00,0.0,0
2026-08-24 08:00:00+00:00,0.0,0
2026-08-24 09:00:00+00:00,0.0,0
2026-08-24 10:00:00+00:00,0.0,0
2026-08-24 11:00:00+00:00,0.0,0
2026-08-24 12:00:00+00:00,0.0,0
2026-08-24 13:00:00+00:00,0.0,0
2026-08-24 14:00:00+00:00,0.0,0
2026-08-24 15:00:00+00:00,0.0,0
2026-08-24 16:00:00+00:00,0.0,0
2026-08-24 17:00:00+00:00,0.0,0
2026-08-24 18:00:00+00:00,0.0,0
2026-08-24 19:00:00+00:00,0.0,0
2026-08-24 20:00:00+00:00,0.0,0
2026-08-24 21:00:00+00:00,0.0,0
2026-08-24 22:00:00+00:00,0.0,0
2026-08-24 23:00:00+00:00,0.0,0
2026-08-25 00:00:00+00:00,0.0,0
2026-08-25 01:00:00+00:00,0.0,0
2026-08-25 02:00:00+00:00,0.0,0
2026-08-25 03:00:00+00:00,0.0,0
2026-08-25 04:00:00+00:00,0.0,0
2026-08-25 05:00:00+00:00,0.0,0
2026-08-25 06:00:00+00:00,0.0,0
2026-08-25 07:00:00+00:00,0.0,0
2026-08-25 08:00:00+00:00,0.0,0
2026-08-25 09:00:00+00:00,0.0,0
2026-08-25 10:00:00+00:00,0.0,0
2026-08-25 11:00:00+00:00,0.0,0
2026-08-25 12:00:00+00:00,0.0,0
2026-08-25 13:00:00+00:00,0.0,0
2026-08-25 14:00:00+00:00,0.0,0
2026-08-25 15:00:00+00:00,0.0,0
2026-08-25 16:00:00+00:00,0.0,0
2026-08-25 17:00:00+00:00,0.0,0
2026-08-25 18:00:00+00:00,0.0,0
2026-08-25 19:00:00+00:00,0.0,0
2026-08-25 20:00:00+00:00,0.0,0
2026-08-25 21:00:00+00:00,0.0,0
2026-08-25 22:00:00+00:00,0.0,0
2026-08-25 23:00:00+00:00,108.48293181818222,2
2026-08-26 00:00:00+00:00,0.0,0
2026-08-26 01:00:00+00:00,0.0,0
2026-08-26 02:00:00+00:00,0.0,0
2026-08-26 03:00:00+00:00,0.0,0
2026-08-26 04:00:00+00:00,0.0,0
2026-08-26 05:00:00+00:00,0.0,0
2026-08-26 06:00:00+00:00,0.0,0
2026-08-26 07:00:00+00:00,0.0,0
2026-08-26 08:00:00+00:00,0.0,0
2026-08-26 09:00:00+00:00,0.0,0
2026-08-26 10:00:00+00:00,0.0,0
2026-08-26 11:00:00+00:00,0.0,0
2026-08-26 12:00:00+00:00,0.0,0
2026-08-26 13:00:00+00:00,0.0,0
2026-08-26 14:00:00+00:00,0.0,0
2026-08-26 15:00:00+00:00,0.0,0
2026-08-26 16:00:00+00:00,0.0,0
2026-08-26 17:00:00+00:00,0.0,0
2026-08-26 18:00:00+00:00,0.0,0
2026-08-26 19:00:00+00:00,0.0,0
2026-08-26 20:00:00+00:00,0.0,0
2026-08-26 21:00:00+00:00,0.0,0
2026-08-26 22:00:00+00:00,0.0,0
2026-08-26 23:00:00+00:00,190.038778977273,2
2026-08-27 00:00:00+00:00,0.0,0
2026-08-27 01:00:00+00:00,0.0,0
2026-08-27 02:00:00+00:00,0.0,0
2026-08-27 03:00:00+00:00,0.0,0
2026-08-27 04:00:00+00:00,0.0,0
2026-08-27 05:00:00+00:00,0.0,0
2026-08-27 06:00:00+00:00,0.0,0
2026-08-27 07:00:00+00:00,0.0,0
2026-08-27 08:00:00+00:00,0.0,0
2026-08-27 09:00:00+00:00,0.0,0
2026-08-27 10:00:00+00:00,0.0,0
2026-08-27 11:00:00+00:00,0.0,0
2026-08-27 12:00:00+00:00,0.0,0
2026-08-27 13:00:00+00:00,0.0,0
2026-08-27 14:00:00+00:00,0.0,0
2026-08-27 15:00:00+00:00,0.0,0
2026-08-27 16:00:00+00:00,0.0,0
2026-08-27 17:00:00+00:00,0.0,0
2026-08-27 18:00:00+00:00,0.0,0
2026-08-27 19:00:00+00:00,0.0,0
2026-08-27 20:00:00+00:00,0.0,0
2026-08-27 21:00:00+00:00,0.0,0
2026-08-27 22:00:00+00:00,0.0,0
2026-08-27 23:00:00+00:00,0.0,0
2026-08-28 00:00:00+00:00,66.1415625000003,1
2026-08-28 01:00:00+00:00,0.0,0
2026-08-28 02:00:00+00:00,0.0,0
2026-08-28 03:00:00+00:00,0.0,0
2026-08-28 04:00:00+00:00,73.1369659090905,1
2026-08-28 05:00:00+00:00,0.0,0
2026-08-28 06:00:00+00:00,0.0,0
2026-08-28 07:00:00+00:00,0.0,0
2026-08-28 08:00:00+00:00,0.0,0
2026-08-28 09:00:00+00:00,0.0,0
2026-08-28 10:00:00+00:00,0.0,0
2026-08-28 11:00:00+00:00,0.0,0
2026-08-28 12:00:00+00:00,0.0,0
2026-08-28 13:00:00+00:00,0.0,0
2026-08-28 14:00:00+00:00,0.0,0
2026-08-28 15:00:00+00:00,0.0,0
2026-08-28 16:00:00+00:00,0.0,0
2026-08-28 17:00:00+00:00,0.0,0
2026-08-28 18:00:00+00:00,0.0,0
2026-08-28 19:00:00+00:00,0.0,0
2026-08-28 20:00:00+00:00,0.0,0
2026-08-28 21:00:00+00:00,0.0,0
2026-08-28 22:00:00+00:00,0.0,0
2026-08-28 23:00:00+00:00,0.0,0
2026-08-29 00:00:00+00:00,0.0,0
2026-08-29 01:00:00+00:00,0.0,0
2026-08-29 02:00:00+00:00,0.0,0
2026-08-29 03:00:00+00:00,0.0,0
2026-08-29 04:00:00+00:00,0.0,0
2026-08-29 05:00:00+00:00,0.0,0
2026-08-29 06:00:00+00:00,0.0,0
2026-08-29 07:00:00+00:00,0.0,0
2026-08-29 08:00:00+00:00,0.0,0
2026-08-29 09:00:00+00:00,0.0,0
2026-08-29 10:00:00+00:00,0.0,0
2026-08-29 11:00:00+00:00,0.0,0
2026-08-29 12:00:00+00:00,0.0,0
2026-08-29 13:00:00+00:00,0.0,0
2026-08-29 14:00:00+00:00,0.0,0
2026-08-29 15:00:00+00:00,0.0,0
2026-08-29 16:00:00+00:00,0.0,0
2026-08-29 17:00:00+00:00,0.0,0
2026-08-29 18:00:00+00:00,0.0,0
2026-08-29 19:00:00+00:00,0.0,0
2026-08-29 20:00:00+00:00,0.0,0
2026-08-29 21:00:00+00:00,0.0,0
2026-08-29 22:00:00+00:00,0.0,0
2026-08-29 23:00:00+00:00,-70.89971022727266,2
2026-08-30 00:00:00+00:00,0.0,0
2026-08-30 01:00:00+00:00,0.0,0
2026-08-30 02:00:00+00:00,0.0,0
2026-08-30 03:00:00+00:00,0.0,0
2026-08-30 04:00:00+00:00,0.0,0
2026-08-30 05:00:00+00:00,0.0,0
2026-08-30 06:00:00+00:00,0.0,0
2026-08-30 07:00:00+00:00,0.0,0
2026-08-30 08:00:00+00:00,0.0,0
2026-08-30 09:00:00+00:00,0.0,0
2026-08-30 10:00:00+00:00,0.0,0
2026-08-30 11:00:00+00:00,0.0,0
2026-08-30 12:00:00+00:00,0.0,0
2026-08-30 13:00:00+00:00,0.0,0
2026-08-30 14:00:00+00:00,0.0,0
2026-08-30 15:00:00+00:00,-159.35066875000015,2
2026-08-30 16:00:00+00:00,106.36363636363636,1
2026-08-30 17:00:00+00:00,0.0,0
2026-08-30 18:00:00+00:00,0.0,0
2026-08-30 19:00:00+00:00,0.0,0
2026-08-30 20:00:00+00:00,0.0,0
2026-08-30 21:00:00+00:00,0.0,0
2026-08-30 22:00:00+00:00,0.0,0
2026-08-30 23:00:00+00:00,69.74436477272725,1
